business_id,name,city,stars,review_count,is_open,categories0,categories1,categories2,categories3,categories4
a,The Royal Indian Cuisine,Clearwater,4.8,5,1,Apartments, Auto Parts & Supplies, Eyelash Service, Festivals, Bikes
b,SmartStyle,Reno,3.1,5,1,Latin American, Home Decor, Fast Food, Street Vendors, Pizza
c,Harpeth Cleaners,Indianapolis,3.7,250,0,Breakfast & Brunch, Local Services, Nightlife, Used, Restaurants
d,DOSC,Tampa,3.1,5,1,Active Life, Real Estate, Sushi Bars, Japanese,
e,Adventure Coast Fun Park,Edmonton,2.4,5,1,American (New), Vacation Rentals, Home Services, Home Services, Active Life
f,Pottery Barn Kids,Ewing,4.4,5,1,Chinese, Hotels & Travel, Arts & Entertainment,,
g,Tony luke's,St. Louis,3.7,136,1,Doctors, Refinishing Services,,,
h,Philadelphia Room Escape,Santa Barbara,3.2,5,1,Nightlife, Police Departments, Oil Change Stations,, Event Planning & Services
i,Lott's Service,Philadelphia,2.7,167,1,Home Services, Chocolatiers & Shops, Home Services, Health & Medical,
j,Kinjo's Japanese Restaurant,Madison,2.9,5,1,Weight Loss Centers, Shopping, Nail Salons, Hair Removal,
k,Bourgoyne Guest House,Largo,2.5,106,1,Desserts, Home Services, Breakfast & Brunch, Restaurants,
l,O'Shucks Seafood & Grill,Bensalem,4.0,229,1,Shopping, Home Services,,,
m,Nipper's Pub,Tampa,2.7,5,0,Real Estate, Food, Beauty & Spas,,
n,Dale's Auto Care,Santa Barbara,3.3,5,1,Bridal, Auto Repair, Sandwiches, Eyelash Service, Restaurants
o,McDonald's,Woodbury,5.0,218,1,Vitamins & Supplements, Burgers,, Fashion,
p,WMGK 102.9 FM,Santa Barbara,2.8,11,1,Real Estate, Hair Stylists, Real Estate, Arts & Entertainment,
q,Purple Penguin Candy Emporium,Clearwater,3.5,77,1,American (New), Education, Home Services, Local Services,
r,1-Hour Auto Glass,Nashville,3.8,150,1,Car Dealers, Professional Services, Sporting Goods, Food, Creperies
s,Giant Food Stores,Reno,2.7,193,1,Grocery, Mexican, Lawyers, Gyms,
t,McDonald's,Largo,4.8,58,1,Day Spas, Piercing, Event Planning & Services,, Bakeries
u,Pasquales,Tampa,4.3,36,1,Active Life, Bed & Breakfast, Ramen, Day Spas, Sports Medicine
v,Pasquales,Glenside,1.6,5,1,Walking Tours, Oil Change Stations, Doctors, Gutter Services,
w,Cole Brothers,King of Prussia,4.2,329,1,Arts & Entertainment, Police Departments, Food, Used, Pubs
x,Taco Del Mar,Lionville,4.3,5,1,Italian, Professional Services,,,
y,Straight Edge Barber Shop,Tucson,4.4,7,1,Beauty & Spas, Nail Salons,,, Beauty & Spas
z,Endless Summer Tans,Harvey,3.5,21,1,Restaurants, Hair Salons, Auto Detailing, Books, Health & Medical
A,King Ribs Bar-B-Q,Philadelphia,3.5,45,1,Sandwiches, Restaurants, Tires,,
B,Mr Wizard Worcester Car Wash,New Orleans,3.5,5,0,Automotive, Japanese, Real Estate Agents, Burgers, Hair Removal
C,Saks Fifth Avenue,Tucson,3.6,88,1,Professional Sports Teams, Food, Caterers, Used, Venues & Event Spaces
D,Noble Crust,Wilmington,2.5,228,1,Machine Shops, Restaurants, Health & Medical,,
E,Blue Wren Studio,Pinellas Park,1.0,132,1,Hair Salons, Local Services, Fast Food, Cosmetic Dentists,
F,T J Maxx,Boise,3.3,5,1,Hair Salons, Restaurants, Fast Food,, Eyelash Service
G,Advance Financial,Nashville,4.3,5,1,Food, Arts & Entertainment, Fashion, Music Venues, Furniture Reupholstery
H,Window World of Philadelphia,Saint Louis,3.0,5,1,Bars, Education,,,
I,August Pearl Salon,Reno,4.2,57,0,Restaurants, Apartments, Nightlife,, Food
J,Nevada Towing,Bellmawr,3.7,115,1,Restaurants, Restaurants, Sushi Bars,,
K,Salon 139,Brownsburg,3.1,5,1,Professional Services, Chinese, Burgers,,
L,Little Golden Goose,Boise,1.7,44,1,Doctors, Department Stores,,,
M,Fisherman's Cove Seafood,Nashville,2.7,61,0,Italian, Shopping, Pizza, Towing, Nail Salons
N,Windsong Charters & Boat Rentals,King of Prussia,3.6,38,1,Event Planning & Services, Fashion, Shopping, Restaurants,
O,Accurate Window & Screen,Philadelphia,4.4,5,1,Couriers & Delivery Services, Hair Salons,,,
P,Aj's Bikes and Boards,Indianapolis,3.2,221,1,Cupcakes, Automotive, Nightlife, Beauty & Spas,
Q,Freddy's Frozen Custard & Steakburgers,Madeira Beach,5.0,248,1,Arts & Entertainment, Pet Stores, Eyelash Service, Doctors, American (Traditional)
R,FedEx Office Print & Ship Center,Saint Louis,4.7,286,1,Restaurants, Health & Medical,,,
S,Bus Depot Discount VW Parts,Franklin,2.9,5,1,Art Classes, Nightlife, Restaurants, Used, American (Traditional)
T,Barista Cafe,Wesley Chapel,3.8,5,1,Active Life, Specialty Food,,,
U,Persis Biryani Indian Grill,Saint Louis,3.6,282,1,Car Dealers, Hair Salons,,,
V,India Palace,Brentwood,2.8,283,1,Fashion, Restaurants,, Used, Tires
W,Sport Clips Haircuts of Springfield,Indianapolis,3.9,84,1,Hotels & Travel, Police Departments, Italian,, Cocktail Bars
X,Option 1 Barber Shop,Odessa,2.7,5,0,Hotels & Travel, Health & Medical, Beauty & Spas,,
Y,Carpet One Floor & Home,Philadelphia,4.0,29,1,Oil Change Stations, Acai Bowls, Health & Medical, American (Traditional), Coffee & Tea
Z,Bagelicious - King Of Prussia,Reno,4.0,116,1,Shoe Stores, Police Departments, Sandwiches,,
aa,City Center Park,Oro Valley,4.3,89,1,Beauty & Spas, Discount Store, Local Flavor, Sandwiches,
ab,Advance Financial,Saint Louis,3.3,5,0,Hotels & Travel, Active Life, Home & Garden,,
ac,Thoroughbred Nissan,Doylestown,3.6,5,0,Plumbing, Restaurants, Shopping,,
ad,California Tacos and Taproom,Fishers,1.6,145,1,Automotive,, Ice Cream & Frozen Yogurt, Wedding Planning, Restaurants
ae,Foot Massage Reflexology,Exton,3.3,76,1,Hotels, American (New), Eyelash Service, Falafel, Home Decor
af,Creature Comforts Pet Sitting,St. Louis,2.1,206,1,Italian, Fashion, Massage Therapy, Local Services, Massage
ag,Copper Vine,Nashville,5.0,81,1,Tattoo, Fitness & Instruction, Shopping, Italian,
ah,Main Street Salon & Spa,Philadelphia,5.0,126,1,Coffee & Tea, Thrift Stores, Makeup Artists, Swimming Pools, Sandwiches
ai,The Humming Bird Jerk house,Tampa,2.1,77,1,Pubs, Desserts, Education, Arts & Entertainment,
aj,Renee Hair Salon,Nashville,4.5,187,0,Home & Garden, Shopping,, Shopping,
ak,Carmine's Steakhouse,Saint Louis,2.6,239,1,Barbeque, Restaurants, Home Decor, Nightlife, Hair Extensions
al,La Sponda,Tampa,3.6,277,1,Burgers, Music Venues,,,
am,Mai Thai Restaurant,Conshohocken,1.5,109,0,Food, Restaurants, Auto Repair, Coffee & Tea,
an,Diagnostic Imaging Services,Philadelphia,3.0,67,0,Home & Garden, Sporting Goods, Doctors, Gutter Services, Arts & Entertainment
ao,Plume Salon,Edmonton,3.3,193,1,Hair Salons, Books, Hair Salons, Home Services, Automotive
ap,Plume Salon,Elkins Park,2.7,73,1,Restaurants, Lounges, Refinishing Services, Restaurants,
aq,Mighty Dustless,Nashville,3.5,71,0,Restaurants, Police Departments, Sports Clubs, Drugstores, Barbeque
ar,Freddy's Frozen Custard & Steakburgers,Reno,1.9,234,0,Bridal, Insurance, Beauty & Spas, Hair Removal, Local Services
as,Affordable Lock & Security Solutions - Tampa,New Orleans,4.7,194,0,Day Spas, Food, Shopping, Health & Medical, Walking Tours
at,Tony Sopranos Pizza,Lionville,1.9,100,1,Beauty & Spas, Hair Salons, Restaurants,, Nightlife
au,Saks Fifth Avenue,Tampa,4.4,5,1,Local Services, Massage, Arts & Entertainment, Health & Medical,
av,Pita Pit,Metairie,4.2,5,1,Food, Auto Repair, Restaurants, Nightlife, Restaurants
aw,Barnes & Noble Booksellers,Camden,3.5,5,1,Medical Centers, Arts & Entertainment, Life Coach, Venues & Event Spaces, Bakeries
ax,Yerli's Alterations & Tailoring,Tampa,1.7,232,1,Hotels, Pet Stores,, Shopping,
ay,B&L Nails Spa,Philadelphia,3.0,165,1,Buffets, Restaurants, Shopping,,
az,Bulls Barbershop,Camden,4.2,11,1,Automotive, Food, Restaurants, Restaurants,
aA,Guess - Walnut Street,Philadelphia,5.0,5,1,Japanese, Hair Removal,,,
aB,Sonny's Phat Smoke,Clearwater,3.8,5,0,Restaurants, Musical Instruments & Teachers, Building Supplies,, Vintage & Consignment
aC,Akira,Edmonton,2.7,203,1,Barbers, Auto Repair,,,
aD,Plume Salon,Blue Bell,4.6,5,1,Coffee & Tea, Pediatricians, Financial Services, Massage,
aE,Aldi,New Orleans,4.5,251,1,Food, Education, Eyelash Service, Used Car Dealers, Health & Medical
aF,Another Broken Egg Cafe,Madeira Beach,3.1,5,1,Automotive, Local Services, Bars, Food Trucks,
aG,DND Plumbing,New Orleans,3.6,5,1,Plumbing, Food, Nightlife, Cafes,
aH,McDonald's,Lionville,1.3,5,0,Automotive, Hotels & Travel, Fashion,,
aI,Nipper's Pub,Affton,4.3,5,1,Awnings, Fast Food, Health & Medical, Restaurants,
aJ,Dermatology Associates of Indiana,Saint Louis,4.2,5,1,Massage, Beer,,,
aK,Key One,Lutz,3.3,5,1,Grocery, Parasailing, Oil Change Stations, Auto Repair,
aL,J C Automotive Service,Santa Barbara,5.0,5,1,Landscaping, Kebab,,,
aM,G & L Import Export,Green Valley,4.1,5,1,Home Services, Home & Garden,,,
aN,Solid Wood Cabinets,Reno,2.1,5,1,Mexican, Shopping, Auto Repair, Wigs, Automotive
aO,La Sponda,Philadelphia,3.3,217,1,Self Storage, Chinese, Hotels & Travel, Reiki, Local Services
aP,Wissahickon Cyclery,Aston,4.5,5,1,Festivals, Doctors, Health & Medical,,
aQ,Jos A Bank,Nashville,3.1,206,0,Restaurants, Police Departments, Restaurants,,
aR,Sushi Wasabi,Virginia City,5.0,5,1,Food, Car Window Tinting,, Pizza,
aS,Snacks By The Pound,Nashville,2.7,254,1,Home Services, Seafood, Coffee & Tea, Used, Dermatologists
aT,Plume Salon,Downingtown,2.0,157,0,Chicken Wings, Bars, Pets, Wigs, Food
aU,Foolish Pride Tattoo Company,Reno,3.1,35,1,Barbers, Car Dealers, Salad, Flooring,
aV,Storage of America,Mount Juliet,3.5,5,1,Burgers, Bars, Fast Food, Italian,
aW,Sean Thorntons Public House,Boise,3.3,103,1,Restaurants, Health & Medical, American (Traditional),,
aX,Pho Friendly,Tucson,2.0,332,0,Body Shops, Nightlife,,,
aY,Plume Salon,Trenton,3.3,70,1,Sandwiches, Music Venues, Sports Clubs, Bars,
aZ,Olde Black Horse,Pinellas Park,3.2,77,1,Car Stereo Installation, American (New), Day Spas, Food,
ba,Bob Kramer’s Marionnettes,Boise,3.0,24,1,Mobile Phones, Coffee & Tea, Restaurants,,
bb,Plume Salon,New Orleans,4.8,5,0,Car Rental, Hair Stylists, Fast Food, Men's Clothing,
bc,The flagpole Nola,New Orleans,3.0,5,1,Ice Cream & Frozen Yogurt, Italian, Life Coach, Automotive, Automotive
bd,Biryani Hut,Tucson,3.2,152,1,American (Traditional), Pizza, Education, Used,
be,McDonald's,New Orleans,2.5,5,0,Home & Garden, Nail Salons,, Local Services,
bf,Tokyo Mandarin,Saint Louis,3.1,5,1,Burgers, Automotive, Shopping, Restaurants,
bg,reYOU massage,Santa Barbara,3.5,172,1,Food, Coffee & Tea, Wine & Spirits, Health & Medical,
bh,Burger Village,Santa Barbara,4.8,119,1,Pizza, Active Life, Hotels & Travel, Shopping, Local Services
bi,39 North Taproom & Grill,Edmonton,5.0,75,0,Shopping, Breakfast & Brunch, Day Spas, Food,
bj,Belle Chic Salon,Tampa,4.6,176,1,Delis, Venues & Event Spaces, American (Traditional), Pizza, Sandwiches
bk,Endless Summer Tans,Largo,4.5,208,0,American (Traditional), Tattoo,,,
bl,McDonald's,Saint Louis,3.7,5,1,Hotels & Travel, Nail Salons,,,
bm,Rogers & Hollands® Jewelers,Tampa,3.6,5,0,Breakfast & Brunch, American (New), Restaurants,,
bn,The Love,Meridian,3.5,5,1,Men's Clothing, Mexican, Salad, Salad, Fruits & Veggies
bo,El Con Health & Wellness Center,Philadelphia,4.3,144,1,Auto Repair, Hair Salons, Pets, Shopping,
bp,Nesbit's Magazine Street Market,Reno,2.9,5,1,Barbers, Police Departments, Beauty & Spas, Barbers,
bq,McDonald's,Lionville,2.8,69,1,Restaurants, Real Estate, Shopping,,
br,Freedom Smoke USA,Reno,3.4,5,0,Sandwiches, Auto Parts & Supplies, Oil Change Stations, Juice Bars & Smoothies, Jazz & Blues
bs,DeSandro on Main,Tampa,2.2,5,1,Delis, Gardeners, Home Window Tinting, Beauty & Spas,
bt,McDonald's,Tampa,3.2,5,1,Day Spas, Breakfast & Brunch, Beaches, Shopping, Medical Centers
bu,California Tacos and Taproom,Philadelphia,3.8,5,0,Bridal, Shopping, Seafood,,
bv,Lee Roy Selmon's,Largo,3.7,192,1,Steakhouses, Specialty Food, Food,,
bw,Jon's Bar & Grille,Largo,4.8,5,1,Vegan, Hotels & Travel, Eyelash Service, Szechuan, Cocktail Bars
bx,Brixx Craft House,Indianapolis,5.0,5,0,Sporting Goods, Bakeries, Skin Care, Performing Arts, Coffee & Tea
by,Xtreme Adventures,Indianapolis,2.3,86,1,Barbers, Urgent Care, Food,,
bz,Selah,Reno,4.0,48,1,Sandwiches, Specialty Food,, Venues & Event Spaces, Fast Food
bA,Debbie's Pet Sitting,Carmel,3.3,33,0,Chicken Wings, Fashion, Desserts, Bagels,
bB,Sparkle Cupcake Company,Lebanon,5.0,144,0,Hotels & Travel, Jewelry, Skin Care,, Active Life
bC,Norma's Sweets Bakery,Edmonton,2.8,16,1,Bridal, Active Life, Coffee & Tea, Challenge Courses, Food
bD,Groove Room Studios,Lionville,3.7,5,0,Real Estate Agents, Police Departments, Hair Salons, Shopping,
bE,New Orleans Spirit Tours,Tucson,3.3,5,1,Home Decor, Fast Food,,,
bF,B&M Hardwood Flooring,North Wales,2.4,20,1,Automotive, Hair Salons,,,
bG,The Cake Drip,Cherry Hill,3.2,5,1,American (Traditional), Pet Sitting, Salad, Hotels & Travel,
bH,BODHI : Craft Bar + Thai Bistro,Boise,2.7,114,1,Event Planning & Services, Police Departments, Automotive, Food,
bI,Swat Pest Control,Tampa,5.0,75,1,Real Estate, Candy Stores, Cafes, Home Services,
bJ,Olde Black Horse,Cedarbrook,3.3,166,1,Arts & Entertainment, Auto Parts & Supplies,, Japanese, Venues & Event Spaces
bK,McDonald's,Tampa,3.7,5,1,Restaurants, Gyms, Home & Garden, Sandwiches, Oil Change Stations
bL,Oscar's Cafe,Lionville,3.9,82,1,Real Estate, Telecommunications, Dog Parks, Oil Change Stations,
bM,New Orleans Jazz Market,New Orleans,2.2,339,1,Automotive, Barbers,,,
bN,Zakian Rug Cleaning,New Orleans,1.7,38,1,Hotels & Travel, Active Life, Restaurants,,
bO,Helena Avenue Bakery,Carmel,3.9,124,0,Coffee & Tea, Sports Bars,, Restaurants, Event Planning & Services
bP,Cerveza Jack's,Tampa,1.7,48,1,Restaurants, Basketball Courts, Coffee Roasteries,,
bQ,Templet's Russell Barber Shop,Franklin,3.2,165,1,Discount Store, Bakeries, Nail Salons, Nightlife, Bookstores
bR,Blow Bar Express Styling Salon,Indianapolis,3.3,13,1,Restaurants, Breakfast & Brunch,,, Restaurants
bS,The Mad Griddle ,Metairie,2.9,5,0,Hot Dogs, Grocery, Chinese,,
bT,Jaguar Nashville,Philadelphia,2.9,5,1,Gas Stations, Italian, Seafood, Recreation Centers, Vintage & Consignment
bU,The Corner Cafe and Deli,Oldsmar,3.6,5,0,Shopping, Home Services, Home Services, Restaurants,
bV,McDonald's,Philadelphia,3.8,121,0,Fast Food, American (New), Real Estate Agents, Children's Clothing, Fruits & Veggies
bW,La Cucina Italian Eatery,Franklin,2.9,59,0,Women's Clothing, Coffee & Tea, Local Flavor, Pizza,
bX,Beaver Hill Condominium,Brandon,2.5,13,1,Eyewear & Opticians, Photographers, Event Planning & Services, Pizza, Arts & Entertainment
bY,Diagnostic Imaging Services,Treasure Island,2.8,5,1,Event Planning & Services, Furniture Stores, Active Life, Used, Appliances
bZ,McDonald's,New Orleans,3.4,134,1,Pasta Shops, Home Services, Appliances, Home Services,
ca,Double Decker Pizza - Media,Fishers,4.7,5,1,Auto Repair, Food Stands, Oil Change Stations, Office Cleaning, Golf Lessons
cb,Popeyes Louisiana Kitchen,Ashland City,4.8,5,1,Bridal, Handyman, Specialty Food,, Nightlife
cc,Passport Health,Nashville,4.0,131,1,Car Dealers, Local Services,, Restaurants, Caterers
cd,Elysian Fields Animal Clinic,Clearwater,3.5,178,1,Bowling, Auto Repair, Transmission Repair, Used, Vintage & Consignment
ce,Roy's Appliance Service,Indianapolis,3.3,5,1,Desserts, Beauty & Spas, Nightlife, Restaurants,
cf,Plume Salon,Media,4.2,5,1,Car Dealers, Auto Repair, Nightlife, Hair Extensions, Orthopedists
cg,Disc Replay,Bala Cynwyd,2.6,5,1,Restaurants, Real Estate, Nightlife,,
ch,The Waxing Queen Of Tucson,Philadelphia,3.7,136,0,Beer, Restaurants,, Hotels & Travel,
ci,Northeast Auto Service,Carmel,4.4,5,1,Food, Restaurants, Noodles, Hotels & Travel, Food
cj,Little Golden Goose,Philadelphia,3.9,151,0,Arts & Entertainment, Police Departments, Italian, Health & Medical, Hair Removal
ck,Sharky's Sports Bar & Grill,Santa Barbara,3.0,134,1,Pets, Active Life, Local Services, Nightlife,
cl,Chrysalis,St. Louis,3.6,5,1,Endodontists, Italian, Italian, Gyms, Siding
cm,Paris Parker Salon & Spa,New Orleans,2.1,115,1,Restaurants, Restaurants, Diagnostic Services,,
cn,None Such Farm Market,White House,4.5,171,1,Nail Salons, Real Estate, Home & Garden, Bridal, Restaurants
co,Brugada,Lambertville,4.5,5,0,Barbeque, Arts & Entertainment, Eyelash Service, Gyms, Specialty Schools
cp,Modern Printers,Tampa,3.7,5,1,Bars, Lounges, Health & Medical, Salad,
cq,Bourgoyne Guest House,Franklin,2.0,81,1,Festivals, Hair Salons, Real Estate, Couriers & Delivery Services, Oil Change Stations
cr,DOSC,New Orleans,4.9,23,1,Automotive, Restaurants,, Shopping,
cs,Jiffy Lube,Santa Barbara,4.0,5,1,Bridal, Hair Salons, Day Spas, Hair Removal,
ct,McDonald's,Philadelphia,3.4,52,1,Restaurants, Auto Repair, Burgers, Food Delivery Services, Vintage & Consignment
cu,One Hour Heating & Air Conditioning - Largo,Largo,3.9,59,1,Home & Garden, Urgent Care, Appliances, Shopping,
cv,Boise Towne Square Dental,New Orleans,3.5,5,1,Orthodontists, Restaurants, Restaurants,,
cw,Sonic Transportation & Logistics,Edmonton,3.1,135,1,Hair Salons, Chicken Wings, Filipino, Local Services,
cx,Four Green Fields,Tampa,3.2,144,1,Restaurants, Local Services, Tires, Food Tours, Sandwiches
cy,Indigo Point,Meridian,1.1,78,1,Steakhouses, Restaurants, Restaurants,,
cz,Axiom Properties & Development,St Louis,5.0,5,1,Car Wash, French, Nightlife,,
cA,Arcadia Landscape,Media,3.5,5,0,Yoga, Food, Event Planning & Services, Coffee & Tea,
cB,Deadline Escape Rooms,Tampa,3.9,5,1,Delis, Indian, Hotels & Travel,, Nightlife
cC,Budweiser Brewery Experience,Reno,4.8,5,0,Auto Repair, Restaurants, Local Services, Breweries, Eyelash Service
cD,Fleur-de-Lys Mansion,Reno,3.6,125,1,Swimming Lessons/Schools, Grocery, Eyelash Service, Used, Vintage & Consignment
cE,Locust Lane Craft Brewery,Carmel,3.1,5,1,Bridal, Restaurants, Urgent Care, Hair Removal, Fast Food
cF,Lee Read Diamonds,Madison,4.2,5,1,Hotels, Active Life, Real Estate Agents,,
cG,Pieology Pizzeria,New Orleans,1.4,44,1,Desserts, Auto Repair, Coffee & Tea, Vitamins & Supplements, Cocktail Bars
cH,Merendero La Catrachitas,St. Petersburg,5.0,172,1,Ice Cream & Frozen Yogurt, Fitness & Instruction, Pets, Active Life,
cI,Saks Fifth Avenue,New Orleans,4.2,5,1,Oil Change Stations,, Health & Medical, Bars,
cJ,YOUnion @ Reno,Edmonton,4.8,259,0,Active Life, Automotive, Hair Salons, Fast Food, Dentists
cK,Yerli's Alterations & Tailoring,New Orleans,4.0,149,1,Mediterranean, Barbers,,,
cL,Just Churros,Brandon,4.7,296,1,Delis, Arts & Entertainment, Trainers, Used, Food Stands
cM,Splash Car Wash & Lube,Pinellas Park,2.9,5,0,Financial Services, Mexican, American (New), Used, Local Services
cN,Pretty Nails,Indianapolis,3.1,216,0,Shopping, Real Estate, Tires, Restaurants, Food
cO,Hong Kong Chinese Restaurant,Wilmington,4.2,146,1,Fashion, Nail Salons, Event Planning & Services, Cosmetic Dentists,
cP,McDonald's,Fort Washington,3.2,250,1,American (Traditional), Food, Food Delivery Services,,
cQ,Riverwood Apartments,Brentwood,3.4,5,0,Bakeries, Restaurants, Sandwiches, Steakhouses,
cR,Epic Automotive,Philadelphia,3.5,5,1,Restaurants, Seafood, Shopping,,
cS,Element Granite & Quartz,Nashville,4.0,322,1,Japanese, Donuts, Children's Clothing, Coffee & Tea,
cT,Empire Beauty School,Tucson,3.4,5,1,Korean, Restaurants, Food, Hair Removal,
cU,Majestic Towing,New Orleans,4.5,5,1,Bars, Barbeque, Beauty & Spas, Local Services, Automotive
cV,Baum's Dancewear,Lionville,4.9,34,0,Party & Event Planning, Fast Food, Bakeries, Truck Rental, American (Traditional)
cW,Siam Elephant,Tucson,3.1,187,0,Arts & Entertainment, Police Departments, Pizza, Food Trucks, Coffee & Tea
cX,Lens Crafters,Carmel,3.7,63,0,Fashion, Home Services, Eyelash Service, Pet Groomers, Restaurants
cY,Westchase Compounding Pharmacy,New Orleans,3.6,5,0,Home & Garden, Contractors,,,
cZ,China City Restaurant,New Orleans,4.4,236,1,Restaurants, Police Departments, Doctors, Bars,
da,Plume Salon,Philadelphia,3.7,83,1,Restaurants, Lounges, Food Trucks,,
db,Intuitive Readings and Meditation with Zev,North Wales,3.6,63,1,Hospitals, Car Dealers, Party Equipment Rentals, Health & Medical, Event Planning & Services
dc,Ottewell Animal Clinic,Reno,4.7,108,1,Restaurants, Bakeries,, Pizza,
dd,Fisherman's Cove Seafood,Tucson,5.0,69,1,Auto Repair, Police Departments, Pubs, Restaurants,
de,Wildout Animal & Pest Removal Tampa,Edmonton,3.5,6,1,Pizza, Home Services, Music Venues, Seafood,
df,Eat Mah Taco @ Pal's Lounge,Indianapolis,4.3,5,1,Mexican, American (New), Oil Change Stations, Bakeries, Vintage & Consignment
dg,Firestone Complete Auto Care,Tampa,3.1,359,1,DUI Law, Hair Removal, Doctors,, Venues & Event Spaces
dh,Cantina Los Tres Hombres,Ambler,2.9,207,1,Automotive, Nightlife, Dentists, Auto Repair, Vintage & Consignment
di,Bustleton Radiology Associates,Edmonton,3.4,295,1,Local Services, Auction Houses, Food,,
dj,Frankie's Fruit Bar,Indianapolis,4.0,5,1,Furniture Stores, Wine & Spirits,,,
dk,New Orleans Jazz Market,Tampa,4.0,92,0,Auto Repair, Venues & Event Spaces, Shopping, Home Services,
dl,NY Bagel & Deli Shop,Indianapolis,2.0,23,1,Japanese, Hotels, Fashion, Nightlife,
dm,Endless Summer Tans,Lionville,3.0,41,1,Restaurants, Arts & Entertainment, Sports Bars, Used, Breakfast & Brunch
dn,"Historic Philadelphia, Inc",New Orleans,2.4,5,1,Seafood, Hotels & Travel, American (Traditional), Restaurants,
do,Baltic Bakery,Sherwood Park,4.4,160,1,Burgers, Hair Removal, Hair Stylists,,
dp,University Crossings,Bellmawr,3.8,99,1,Restaurants, Police Departments, Local Services, Salad, Restaurants
dq,University Crossings,Nashville,3.9,130,1,Active Life, Bookstores, American (Traditional),,
dr,The Coventry Deli,Santa Barbara,5.0,95,1,Dog Parks, Party & Event Planning, Bubble Tea, Specialty Food, Orthodontists
ds,Sidekicks Pizza,Tucson,3.1,322,0,Self Storage, Home Services, Medical Spas, Skin Care, Pizza
dt,Plume Salon,St Louis,3.1,5,1,Uniforms, Apartments, Trainers, Books,
du,Doc Magrogan's Oyster House - West Chester,Tucson,3.1,5,0,Hotels & Travel, Automotive,,,
dv,Reid Park Mico's Corner Playground,Philadelphia,2.7,5,1,Radiologists, Hotels, Filipino, Health & Medical,
dw,McDonald's,Lionville,3.7,5,0,Food, Tanning, Food,,
dx,Bistro St. Tropez,Lionville,4.3,149,1,Shoe Stores, Hair Salons, Sporting Goods, Mexican,
dy,Jos A Bank,New Orleans,2.7,5,1,Event Planning & Services, Pizza, Medical Centers, Shoe Stores, Restaurants
dz,McDonald's,Tampa,2.4,126,0,Auto Parts & Supplies, Bakeries,, Shopping,
dA,Lubrication Corner,Montgomeryville,4.3,5,1,American (Traditional), Breakfast & Brunch, Nightlife, Education,
dB,Addendum,Nashville,5.0,38,0,Breakfast & Brunch, Restaurants, Auto Repair,,
dC,Mazzoni Center,Largo,3.2,79,1,Shopping, Tours, Delis, Shopping, Event Planning & Services
dD,Ricardo's Italian Cafe,Edmonton,4.0,5,0,Beauty & Spas, Caterers, Financial Services,, Food
dE,Portofino's Italian Kitchen,Springfield,2.8,5,1,Baby Gear & Furniture, Party & Event Planning, Lawyers, Bagels, Massage
dF,Jaguar Nashville,Ballwin,3.3,5,1,Jewelry Repair, Wine & Spirits,,, Restaurants
dG,Sign of the Arrow,Meridian,4.0,26,1,Vitamins & Supplements, Wheel & Rim Repair, Barbers, Health & Medical,
dH,Quality Inn Nashville Downtown - Stadium,Springfield,3.5,5,1,Sewing & Alterations, Home Services, Pubs, Pet Services, Thai
dI,A Personal Touch Cleaning Service,Cherry Hill,3.7,37,1,Bars, Barbers, Eyelash Service, Restaurants, Restaurants
dJ,Fairfield Inn & Suites,Philadelphia,2.8,128,1,Carpenters, Home Services,,,
dK,Rancho 777,Edmonton,3.3,22,1,Towing, Event Planning & Services, Hair Stylists, Men's Clothing, Tours
dL,Gavi Italian Restaurant,St Louis,4.0,5,0,Apartments, Food, Wine & Spirits, Food,
dM,Payless Liquors,Saint Louis,4.3,134,1,Bridal, Local Services, Auto Glass Services, Auto Glass Services, Nightlife
dN,Fisherman's Cove Seafood,Tucson,3.3,5,0,Bars, Hair Stylists, Pizza,,
dO,Epic Automotive,Indianapolis,3.7,92,1,Italian, Local Services, Nightlife, Food,
dP,McDonald's,Franklin,3.3,158,1,Coffee & Tea, Education,,,
dQ,Master Bait and Fishing Supplies,Bala Cynwyd,4.0,113,1,Restaurants, Body Shops, Pets, IT Services & Computer Repair, Event Planning & Services
dR,Wentworth At West Clay,Reno,3.2,5,1,Fashion, Playgrounds, Food, Active Life,
dS,Burger Village,New Orleans,3.0,116,0,Home & Garden, Restaurants,,,
dT,Sonic Drive-In,St. Louis,2.7,102,1,Restaurants, Wine & Spirits, Active Life, Food Trucks, Event Planning & Services
dU,Franceschi Park,Lionville,5.0,79,1,Car Dealers, Bars, Italian, Acupuncture,
dV,Bill's European Autoworks,Edmonton,2.8,109,1,Italian, Traditional Chinese Medicine, Auto Repair, Convenience Stores,
dW,Watson Adventures Scavenger Hunts,Reno,3.7,46,1,Hotels & Travel, Kids Activities, Eyelash Service, Motorcycle Rental, Salad
dX,Elegance African Hair Braiding,Edmonton,3.1,5,0,Mexican, Local Services, Virtual Reality Centers, Sandwiches, Local Services
dY,Bob Kramer’s Marionnettes,Tampa,1.7,5,1,Restaurants, Restaurants,,,
dZ,Key One,Wilmington,5.0,5,1,Parks, Gyms, Oil Change Stations, Skin Care,
ea,Banfield Pet Hospital,Boise,2.3,17,1,Sandwiches, Local Services, Auto Repair, Seafood,
eb,Mr Wizard Worcester Car Wash,Philadelphia,2.7,108,1,Plumbing, Mexican, Dry Cleaning & Laundry,,
ec,South Cleaner & Tailor,Boise,5.0,5,0,Grocery, Pizza, Apartments, Massage, Food
ed,Cafe Victoria's,Boise,4.4,5,1,Masonry/Concrete, Food, Fashion,,
ee,Sal DeForte's Ristorante,Santa Barbara,3.1,95,1,Steakhouses, Barbeque, Fast Food, Beauty & Spas,
ef,Templet's Russell Barber Shop,Clearwater,3.1,5,0,Active Life, Escape Games, Event Planning & Services, Nightlife, Food
eg,Iron Horse Auto Body,St Louis,4.0,485,1,Shopping, Juice Bars & Smoothies, Salad, Active Life,
eh,Bob Kramer’s Marionnettes,Carmel,4.2,5,1,Synagogues, Obstetricians & Gynecologists, Outdoor Gear, Juice Bars & Smoothies, Nail Salons
ei,Plume Salon,Largo,4.2,463,1,Southern, Religious Organizations, Sporting Goods, Landscape Architects, Food
ej,Gandolfo's New York Deli,Edmonton,5.0,226,1,Home Decor, Jewelry, Active Life, Breweries,
ek,Oscar's Cafe,Franklin,3.3,5,1,Food, Real Estate, Laundry Services, Shopping, Restaurants
el,Fetch Academy & Dog Resort,Philadelphia,5.0,294,1,Historical Tours, Fast Food, Sandwiches, Used, Food
em,"Dawna Ara, DACM, LAc",Edmonton,4.7,47,0,Local Services, Hotels & Travel, Hair Salons, Formal Wear, Oil Change Stations
en,Warminster Veterinary Hospital,Franklin,2.3,5,1,Beer, Coffee & Tea,, Active Life,
eo,Tuna Bar,Lionville,4.6,205,1,Home & Garden, Police Departments, Laundry Services, General Dentistry,
ep,DSW Designer Shoe Warehouse,Saint Petersburg,4.3,106,1,Event Planning & Services, Coffee & Tea,,,
eq,Watson Adventures Scavenger Hunts,Reno,2.7,65,1,Local Services, Nightlife, Waxing,,
er,The Salvation Army Family Store & Donation Center,Philadelphia,4.7,5,1,Home Services, Chicken Wings, Local Services, Food,
es,Mount Mogrit Gourmet,Philadelphia,3.4,48,1,Carpet Cleaning, Real Estate, Pets, Food, Elementary Schools
et,Bodyworks Salon & Day Spa,Indianapolis,4.7,11,1,Drugstores, Restaurants, Education, Event Planning & Services, Restaurants
eu,Creative Beginnings Pre-School & Kindergarten,Clearwater,2.8,71,1,Car Rental, Sandwiches,,,
ev,Distler's Auto Repair,New Orleans,3.4,207,1,Auto Repair, Sushi Bars, Shopping, Pet Services, Food
ew,Roast Coffeehouse and Wine Bar,Reno,3.1,54,1,Festivals, Pet Sitting, Sandwiches, Food,
ex,Tienda Ho,Tucson,3.0,5,0,Restaurants, Fast Food,, Hair Salons,
ey,Bar-B-Cutie,New Orleans,4.1,90,1,Coffee & Tea, Contractors, Beauty & Spas, Breakfast & Brunch,
ez,Bob Kramer’s Marionnettes,Saint Louis,4.2,222,1,Flooring, Restaurants, Oil Change Stations,,
eA,Panera Bread,Isla Vista,3.3,5,1,Home Services, Burgers, Nightlife,,
eB,Apron,Indianapolis,4.0,5,1,American (Traditional), Salad,, Japanese,
eC,Merendero La Catrachitas,Indianapolis,3.5,191,1,Arts & Crafts, Restaurants, Hotels & Travel, Coffee & Tea, Venues & Event Spaces
eD,Paddy Whacks Irish Sports Pub - South Street,Metairie,2.5,5,1,American (Traditional), Professional Services, Coffee & Tea, Bikes,
eE,Saint Marys Medical Group,Philadelphia,2.7,68,1,Ice Cream & Frozen Yogurt, Financial Services, Pizza, Real Estate Services, Coffee & Tea
eF,Heitz Optical,Haddonfield,4.1,175,0,Local Services, Police Departments, Watches, Beer Bar, Automotive
eG,KFC,Philadelphia,3.4,140,1,Local Services, Music Venues, Home Services, Hotels & Travel,
eH,Easy Rider Repair,Lionville,3.4,5,0,Coffee & Tea, Local Services, Chinese,,
eI,Chrysalis,Tucson,4.2,28,0,Breakfast & Brunch, Venues & Event Spaces, Restaurants, Shopping, Food
eJ,FedEx Office Print & Ship Center,Tampa,4.4,152,1,Shopping, Massage, Hotels & Travel, Pet Groomers,
eK,Monogram Express,King Of Prussia,3.6,5,1,General Dentistry, Photographers, Food, Shopping,
eL,The Wine Loft,Nashville,4.2,43,0,Sporting Goods, Shutters, Health & Medical, Pizza,
eM,Carsmetics,Philadelphia,3.1,218,1,Day Spas, Restaurants, Venues & Event Spaces, Drugstores, Coffee & Tea
eN,ACME Screening Room,Tampa,3.8,16,1,Hiking, Fast Food, Pizza,,
eO,Trader Joe's,Lionville,4.1,8,1,American (New), Pressure Washers, Shoe Stores, Bars,
eP,Premier Mortgage Resources,New Orleans,3.4,5,0,Restaurants, Automotive, Fast Food,,
eQ,Queen Nails & Spa,Nashville,4.0,5,1,Nail Salons, Active Life, Food Trucks, Restaurants,
eR,S&K Salon,Bellmawr,3.7,285,1,Health & Medical, Pizza, Restaurants, Mexican, Imported Food
eS,Brewster's Pub,Affton,5.0,10,1,Barbers, Doctors, Restaurants, Tires, Fast Food
eT,Garage Pizza,Tampa,4.4,18,0,Seafood, Propane,,,
eU,Soho Oasis Cafe,Philadelphia,4.7,5,0,Barbers, Fast Food, Lawyers, Event Planning & Services, Active Life
eV,NY Bagel & Deli Shop,Indianapolis,4.1,15,1,Indian, Arts & Entertainment, Auto Repair, Sports Bars, Nightlife
eW,Lubrication Corner,Tampa,3.4,5,1,Food, Auto Repair, Food, Nightlife,
eX,Jiffy Lube,Tucson,4.6,42,1,Shopping, Lounges, Bars, Motorcycle Repair,
eY,Epic Automotive,Norristown,4.4,5,0,Fashion, Arts & Crafts, Eyelash Service, Used, Vintage & Consignment
eZ,Advance Financial,Santa Barbara,3.0,5,0,Active Life, Lounges, Local Services, Arts & Entertainment, Vegetarian
fa,Kathy's Airport Limousine Service,Tampa,2.3,5,1,Event Planning & Services, Cocktail Bars, Eyelash Service, Used, Vintage & Consignment
fb,Chipotle Mexican Grill,Santa Barbara,5.0,5,1,Bridal, Nail Salons, Service Stations,,
fc,Groove Room Studios,Indianapolis,3.1,47,1,Pizza, Telecommunications, Shopping, Auto Repair,
fd,Hands On Bicycle,Lionville,3.6,125,0,Thai, Local Services, Food Trucks, Limos, Hotels & Travel
fe,St Christopher Pediatric Urgent Care,Lionville,3.4,5,0,Barbeque, Home Decor, Trainers, Self Storage, Vintage & Consignment
ff,Inspired By Purpose Wellness Center & Yoga Studio,Philadelphia,2.5,152,1,Restaurants, Donuts, Moroccan, Health & Medical,
fg,High Ridge Family Diner,Lambertville,3.5,163,0,American (New), Barbeque,,,
fh,Nitpicking in NOLA,Langhorne,4.7,5,1,Mexican, Ice Cream & Frozen Yogurt, Home & Garden,,
fi,Dierbergs Markets,Indianapolis,5.0,5,1,Art Classes, Auto Repair, Restaurants,,
fj,Jim's Appliance & Furniture,St. Louis,3.8,5,1,Hair Salons, Bookstores, Home Services,,
fk,Look Hair Care Studio,Tucson,5.0,251,1,Shoe Stores, Restaurants,, Food,
fl,Dress Up,Brownsburg,3.3,16,1,Tex-Mex, Chinese, Restaurants,,
fm,Weddings in Santa Barbara,Brandon,4.9,14,1,Carpet Cleaning, Nightlife,,,
fn,Morales Landscapers,Clearwater,4.2,128,0,Steakhouses, Indian, Food,, Fast Food
fo,Tim Hortons,Santa Barbara,3.1,5,1,Home & Garden, Donuts, Grocery, Specialty Food, Shopping
fp,Plume Salon,Tucson,2.4,146,1,Fashion, Local Flavor, Cabinetry, Auto Glass Services, Food
fq,West Coast Awnings,New Orleans,4.7,30,1,Grocery, Fast Food, Beauty & Spas,,
fr,JOANN Fabrics and Crafts,Spring Hill,3.9,276,1,Fashion, Men's Clothing, Restaurants, Arts & Entertainment,
fs,Bodyworks Salon & Day Spa,Lionville,2.9,48,1,Bars, Jewelry, Sandwiches, Convenience Stores,
ft,Twin Peaks,Philadelphia,3.8,155,0,Home Services, Bakeries, Auto Detailing, Coffee & Tea,
fu,King of Jewelers,Carmel,3.2,119,1,Professional Services, Shopping,, Nightlife,
fv,Manor Riverwalk Luxury Apartments by TRG Management Company,Franklin,2.5,9,0,Shaved Ice, Roadside Assistance, Health & Medical, Specialty Food, Food
fw,Rack n Roll Billiards,Philadelphia,3.7,86,1,Fast Food, Police Departments, Restaurants, Burgers, Coffee & Tea
fx,Draino,Lionville,3.3,5,1,Hotels, Police Departments, Pubs,, Nightlife
fy,Blue Water Dental Care,New Orleans,1.9,5,1,Food, Shopping,,,
fz,Go! Gyro! Go!,Levittown,3.1,35,1,Steakhouses, Sushi Bars, Italian, Thai,
fA,Porpoise Pub,Oro Valley,4.1,5,0,Active Life, Keys & Locksmiths,,,
fB,Future Fitness,Philadelphia,4.5,218,1,Towing, Beauty & Spas, Oil Change Stations, Nightlife,
fC,Pls Check Cashers,New Orleans,2.2,25,1,Toy Stores, Chicken Shop, Pubs, Auto Repair,
fD,McMahan Hair Salon,Lionville,3.9,5,0,Parenting Classes, Local Services, Mexican, Doctors,
fE,Nifty Car Rental,Saint Louis,4.0,51,1,Tires, Sewing & Alterations, Wine & Spirits, Shopping, Nail Salons
fF,Foot Locker,St. Petersburg,2.7,5,1,Grocery, Beauty & Spas, American (Traditional),,
fG,SuperPawn,Seminole,2.9,159,1,Preschools, Beauty & Spas, Bars, Specialty Food,
fH,Option 1 Barber Shop,New Orleans,4.2,5,1,Diagnostic Imaging, Specialty Schools, Fast Food, Bars, Sports Bars
fI,Plume Salon,Lionville,4.8,101,1,Contractors, Home Services,,, Food
fJ,Gateway Parks Eagle,Nashville,3.6,153,1,Vegan, Beauty & Spas, Auto Detailing, Bars, Venues & Event Spaces
fK,1-275 Rest Area Manatee County Mile 7,Indianapolis,5.0,233,1,Bridal, Nightlife, Salad, Restaurants,
fL,Fox & Hounds Tavern,St. Petersburg,5.0,5,1,Drugstores, Physical Therapy, Restaurants, Breakfast & Brunch,
fM,Hands On Bicycle,Ardmore,3.8,5,1,Real Estate, Police Departments, Shoe Stores, Hair Salons,
fN,Plume Salon,Tampa,3.0,176,1,Shopping, Burgers, Dance Clubs, Gutter Services, Appliances & Repair
fO,The Silo Eatery Coffee Bakery,Philadelphia,3.1,5,1,Nightlife, Auto Repair, Fast Food,,
fP,Carpet One Floor & Home,Brownsburg,2.6,5,0,Chinese, Home Services, Bakeries,, Event Planning & Services
fQ,Liberty City Roasters,Lionville,2.5,5,1,Drugstores, Active Life, Shopping, General Dentistry,
fR,Plume Salon,Indianapolis,3.7,363,0,Restaurants, Home & Garden, Eyelash Service, Used, Eyelash Service
fS,The Cake Drip,Boise,3.9,37,1,Appliances & Repair, Food,, Bars, Active Life
fT,Hippie Hi,Edmonton,4.0,225,1,Home Services, Home Services,,,
fU,Studio 240,Lionville,3.8,5,0,Breakfast & Brunch, Automotive, Beauty & Spas,,
fV,Future Fitness,Woodbury,3.7,99,1,Masonry/Concrete, DJs,, Home & Garden,
fW,Xtreme Adventures,Springfield,3.7,5,1,Criminal Defense Law, Sandwiches, Fashion, Food,
fX,The Collins Apartments,Madison,1.4,179,1,Restaurants, Hotels, Notaries, Nightlife, Restaurants
fY,Piccadilly,Montgomeryville,5.0,9,0,Steakhouses, Coffee & Tea, Medical Centers, Event Planning & Services, Coffee & Tea
fZ,Joe's Pizza,Indianapolis,4.6,5,1,Appliances & Repair, Professional Services, Hotels & Travel,,
ga,McDonald's,Warminster,4.8,5,1,American (New), Hotels, Restaurants, Breakfast & Brunch,
gb,Monogram Express,Saint Louis,5.0,5,0,Burgers, University Housing, Eyelash Service, Ice Cream & Frozen Yogurt, Vintage & Consignment
gc,Aldi,Lebanon,4.1,86,1,Men's Hair Salons, Auto Parts & Supplies, Eyelash Service, Automotive, Food
gd,Addendum,Medford,4.1,5,1,Health & Medical, Preschools, Auto Repair, Specialty Food, Orthodontists
ge,Days Inn by Wyndham Reno South,Saint Petersburg,2.8,5,1,Restaurants, Caterers, Vegetarian, Skin Care,
gf,Blue Wren Studio,Tucson,2.6,172,0,Towing, Local Services,,,
gg,Pima County Fair,Indianapolis,4.8,5,1,Nightlife, Real Estate,,, Automotive
gh,Accurate Window & Screen,Tampa,3.3,51,0,Endodontists, Makeup Artists, Sewing & Alterations, Pool & Hot Tub Service, Pet Training
gi,Salon 139,New Orleans,4.2,80,1,Hair Salons, Arts & Entertainment,,,
gj,Plaza Bowling,Tampa,3.1,236,1,Bridal, Fast Food, Restaurants, Wine & Spirits, Vintage & Consignment
gk,A-1 Expert Cleaning Services,Nashville,3.9,216,1,Tabletop Games, Restaurants, Home & Garden, Preschools,
gl,Bay Area Appliance,Brentwood,3.8,191,1,Food, Wine & Spirits, Pubs, Coffee & Tea,
gm,Harpeth Cleaners,Doylestown,2.8,5,1,Trampoline Parks, Pet Sitting, Coffee & Tea, Appliances & Repair, Nightlife
gn,D's Toys,Indianapolis,3.8,158,0,Restaurants, Wheel & Rim Repair, Hotels & Travel, Restaurants, Shopping
go,The Delaware Contemporary,Philadelphia,4.8,5,1,Day Spas, Auto Parts & Supplies,,,
gp,Go! Gyro! Go!,Philadelphia,4.7,267,1,Barbers, Beer, Nightlife, Oil Change Stations, Shopping
gq,Empire Beauty School,Lionville,2.9,65,0,Carpet Cleaning, Caterers,, Active Life,
gr,Tin Drum Asia Cafe,Saint Louis,4.7,240,1,Restaurants, Food, Nightlife, Used,
gs,Western Endocrine Associates,Largo,3.7,43,1,Towing, Restaurants, Pubs,,
gt,Mr Wizard Worcester Car Wash,Nashville,2.7,5,1,Festivals, Hotels & Travel, Tires, Local Services,
gu,Ballistic Fabrication,Ardmore,2.0,116,1,Home Services, Local Flavor,,,
gv,Plume Salon,Edmonton,3.4,5,1,Event Planning & Services, Pizza, Food,,
gw,Domain Home Accessories & Gallery,New Orleans,3.8,5,0,Sandwiches, Active Life, Local Services, Hair Salons, Beauty & Spas
gx,Dune Coffee Roasters - Anacapa,Brandon,2.4,240,1,Restaurants, Home Services,,,
gy,Solid Wood Cabinets,Langhorne,4.1,50,1,Bars, Recycling Center, Fast Food,,
gz,Doc Magrogan's Oyster House - West Chester,Edmonton,2.5,5,1,Sporting Goods, RV Parks, Health & Medical,,
gA,Payless Liquors,Saint Louis,1.9,21,1,Home Decor, Local Services, Beauty & Spas, Health & Medical,
gB,Baxter's Saloon & Grill,Nashville,2.0,5,1,Bridal, Auto Repair,,,
gC,Breadland Organic Whole Grain Bakery,Norristown,4.3,113,1,Shopping, Sandwiches, Fast Food, Auto Repair, Hair Removal
gD,HouseMaster Home Inspections,Tampa,3.7,48,1,Steakhouses, Gyms, Gas Stations, Food, American (Traditional)
gE,Lens Crafters,Nashville,3.4,5,1,Restaurants, Men's Clothing,, Sandwiches, Fast Food
gF,Window World of Philadelphia,Glenside,3.8,5,0,Restaurants, Restaurants, Restaurants,,
gG,The Boiling House,Tucson,4.6,218,1,Towing, Shopping, Shopping, Hotels & Travel, Shopping
gH,Yerli's Alterations & Tailoring,Philadelphia,4.6,23,1,Apartments, Fitness & Instruction, Pets, Auto Repair, Restaurants
gI,Kal Tire,Meridian,2.9,5,1,Health & Medical, Bars, Parks, Food,
gJ,Hibiscus Spa,Goodlettsville,3.1,5,1,Food, Painters, Auto Repair, Shopping,
gK,Boston Pizza,Boise,2.2,30,1,Self Storage, Nightlife, Service Stations, Food Delivery Services, Barbers
gL,Super Dog,Tampa,3.0,5,1,American (Traditional), Internal Medicine, Nightlife,,
gM,Pep Boys,New Orleans,2.9,5,1,Restaurants, Tree Services, Trainers, Fast Food,
gN,The Ladies Room,Philadelphia,3.9,5,1,Tattoo, Italian, Event Planning & Services,,
gO,Diamond Hair Company,Woodstown,3.0,43,0,Pizza, Lounges, Food, Used, Hot Dogs
gP,"Historic Philadelphia, Inc",Affton,5.0,5,0,Auto Repair, Fast Food,,,
gQ,The Music Box Village,Media,2.7,119,1,Sporting Goods, Professional Services, Food, Auto Repair, Wine Bars
gR,Bay Area Appliance,Hazelwood,3.1,223,1,Restaurants, Specialty Food, Beauty & Spas, Health & Medical,
gS,Brandon Burgers,Goodlettsville,3.4,79,1,Live/Raw Food, Nightlife,, Used, Used Car Dealers
gT,Plume Salon,Reno,4.4,168,1,Women's Clothing, Mexican, Seafood, Antiques, Home Decor
gU,Plume Salon,Philadelphia,4.7,166,1,Tires, Indian, Gyms,,
gV,U-Haul of Somerdale,West Chester,2.4,5,0,Health & Medical, Barbeque, Decks & Railing, Hair Extensions,
gW,Taqueria Feliz,New Orleans,5.0,104,0,Food, Real Estate, Shopping,,
gX,The Office,Saint Petersburg,3.8,5,1,Trinidadian, Real Estate, Day Spas, Beauty & Spas,
gY,Four Green Fields,Nashville,3.7,211,1,Active Life, Shopping,,,
gZ,Cedar Park Cafe,Tampa Bay,4.3,181,1,Real Estate, Nightlife, Bars, Skin Care,
ha,Saint Marys Medical Group,Havertown,3.1,5,1,Sporting Goods, Shoe Stores,, Bars, American (Traditional)
hb,Pottery Barn Kids,Nashville,2.3,96,1,Bars, Pet Groomers, Beauty & Spas,,
hc,The Love,Wesley Chapel,4.3,114,1,Shopping, Fashion, Lawyers, Pool & Hot Tub Service, Salad
hd,Olivier's Creole Restaurant,Madeira Beach,3.0,202,1,Grocery, Health & Medical,,,
he,Plume Salon,Lionville,5.0,5,1,Bridal, Automotive, Restaurants,,
hf,Golden Spirit Alpaca Ranch,Tampa,5.0,105,1,Beauty & Spas, Police Departments, Bars, Coffee & Tea,
hg,Mazzoni Center,Tampa,2.9,5,1,Cocktail Bars, Seafood, Nightlife,,
hh,Brooms N Buckets,New Orleans,3.5,5,0,Flooring, Chicken Shop, Automotive, Drugstores, Fast Food
hi,Giant Food Store,Lionville,4.0,5,1,Art Classes, Beauty & Spas, Hair Salons, Acupuncture,
hj,Western Endocrine Associates,Tampa,3.6,5,1,Automotive, Seafood,,,
hk,Yogurt Court,Tucson,2.9,5,1,Pets, Specialty Food,,,
hl,Clear View Glass And Tint,Lionville,4.9,5,1,Hotels & Travel, Tree Services, Eyelash Service, Used, Fitness & Instruction
hm,ZigZag Scallop,Philadelphia,5.0,25,0,Event Planning & Services, Real Estate,, Arts & Entertainment,
hn,KELP Sushi Joint,Saint Petersburg,4.2,217,1,Ice Cream & Frozen Yogurt, Pet Adoption,, Restaurants,
ho,Rita's Italian Ice,New Orleans,4.9,5,1,Arts & Crafts, Bikes, Lawyers, American (New), Brewing Supplies
hp,Mike's Ice Cream,St. Petersburg,4.3,5,1,Grocery, Restaurants, Hotels, Arts & Entertainment, Trainers
hq,McDonald's,Madison,3.6,93,1,Event Planning & Services, Walking Tours, Beauty & Spas,,
hr,Plume Salon,Indianapolis,4.8,327,1,Restaurants, Auto Parts & Supplies, Sandwiches, Cafes, Hair Stylists
hs,The Royal Indian Cuisine,Saint Louis,3.6,279,0,Restaurants, Transportation, Restaurants, Food,
ht,Disc Replay,St. Petersburg,2.1,5,1,Delis, Police Departments,,,
hu,DeGrandis Automotive Center,St. Petersburg,4.5,213,1,Home Services, Shutters, Outdoor Gear, Wholesale Stores, Vintage & Consignment
hv,Public Storage,Tucson,4.4,5,1,Seafood, Food, Trainers, Home Services,
hw,Functional Life,Lionville,4.6,5,0,Couriers & Delivery Services, American (New), Food Trucks, Used Car Dealers, Vintage & Consignment
hx,Advanced Towing & Recovery,Metairie,3.0,47,1,Hotels & Travel, Fast Food, Automotive, Health & Medical, Orthodontists
hy,"C R Bhatia, DVM - Animal Clinic of Warrington",Meridian,4.7,5,1,Dog Parks, Italian,, Nightlife, Restaurants
hz,Casita Taqueria,Philadelphia,4.9,32,1,Parks, Beauty & Spas, Hair Stylists, Food Trucks,
hA,Mahony's Po-Boys & Seafood,Clearwater,2.5,69,1,Automotive, Restaurants, Sushi Bars, Appliances & Repair, Vintage & Consignment
hB,Coliseum Ballroom,Oro Valley,3.8,5,1,Pizza, Apartments, Specialty Food,,
hC,Reid Park Mico's Corner Playground,Elkins Park,3.8,84,1,Specialty Food, Local Services, Dance Clubs, Automotive,
hD,Expert Home Offers,Nashville,4.5,30,1,Bridal, Barbeque, Sushi Bars, Boating, Lounges
hE,Plume Salon,Fernley,4.1,5,1,Auto Repair, Specialty Food, Hair Salons, Hair Extensions,
hF,Piccadilly,Bensalem,3.1,118,1,Coffee & Tea, Pubs, Shopping,,
hG,ReAnimator Coffee,Tucson,3.4,125,0,Bars, Japanese, Men's Clothing, Books, Vintage & Consignment
hH,U-Pack Moving,Carmel,2.7,5,0,Sandwiches, Event Planning & Services, Laundry Services, Specialty Food,
hI,Mattress Factory,Santa Barbara,4.6,182,1,Home Services, Automotive, Seafood, Local Services,
hJ,Brown Sugar Bakery & Cafe,Indianapolis,2.3,87,1,Ice Cream & Frozen Yogurt, Sandwiches, Antiques, Hair Salons,
hK,Plume Salon,Brandon,3.0,67,1,Bridal, Event Planning & Services, Breakfast & Brunch, Coffee & Tea,
hL,Peace of Mind Pub & Eatery,Lionville,3.4,5,0,Auto Repair, Local Services, Food, Home Services,
hM,Bodyworks Salon & Day Spa,Philadelphia,3.2,5,1,Nightlife, Religious Organizations, Pets,,
hN,Tony Sopranos Pizza,New Orleans,3.2,5,1,Food Trucks, Barbeque, Local Flavor, Auto Repair, Bars
hO,barre3 Nashville - The Gulch,Tucson,4.5,55,1,Automotive, Guns & Ammo, Apartments, Used Car Dealers, Adult
hP,Skippack Sweet Spot,St. Louis,3.8,34,0,Burgers, Tree Services, Coffee Roasteries,,
hQ,Deadline Escape Rooms,Reno,2.3,5,1,Pizza, Gyms, Food Trucks,,
hR,Creature Comforts Pet Sitting,Philadelphia,4.1,113,1,Flooring, Specialty Food, Hotels & Travel, Tires,
hS,Reinette Café & Patisserie,Saint Louis,2.8,146,1,Shopping, Arts & Entertainment,, Restaurants,
hT,Rancho 777,Philadelphia,3.2,231,1,Convenience Stores, Hair Stylists, Beauty & Spas, Food Tours,
hU,Las Margaritas,Kenner,2.9,5,1,Health & Medical, Keys & Locksmiths, Hair Salons,,
hV,Marcie Blaine,Land O Lakes,4.2,5,1,Desserts, Coffee & Tea, Septic Services, Museums,
hW,Bourgoyne Guest House,Philadelphia,3.1,212,1,Active Life, Caribbean, Bars,, Dentists
hX,DOSC,Philadelphia,4.0,148,1,Restaurants, Swimming Pools,, Wine Bars,
hY,PAWS  Plaquemines Animal Welfare Society,Indianapolis,4.6,145,1,Food, Escape Games, Event Planning & Services, Contractors,
hZ,Franklin Juice Co,Indianapolis,2.4,342,0,Bars, Lounges, Septic Services, Shopping, Printing Services
ia,Lee Roy Selmon's,Reno,3.4,201,0,Restaurants, Sandwiches, Skin Care,,
ib,Blue Wren Studio,Reno,3.7,5,1,Preschools, Caribbean, Auto Repair, Used,
ic,Mellow Mushroom,Tampa Bay,3.8,99,1,Golf, Hair Removal,, Beauty & Spas,
id,Shanghai Station,Boise,2.9,94,1,Pizza, Restaurants,,,
ie,Marino's Auto Repair,New Orleans,3.7,195,1,Health & Medical, Discount Store,, Coffee & Tea,
if,Nailtek,Philadelphia,4.7,231,1,Oil Change Stations, Professional Services, Automotive, Sandwiches,
ig,Laundromat,Reno,4.6,56,1,Cocktail Bars, Coffee & Tea, Breakfast & Brunch,, Nightlife
ih,Rosa Mezcal,Nashville,3.3,114,1,Arts & Entertainment, Restaurants,,,
ii,Taqueria Feliz,Boise,3.3,5,0,Coffee & Tea, Restaurants, Shopping,,
ij,"Daniel Colombo , MD",Saint Louis,3.4,5,1,Preschools, Chinese,,,
ik,Shapiro Supply,Wayne,4.4,137,1,Diagnostic Imaging, Sporting Goods,,, Food
il,Jong Ka Jib,Voorhees,4.5,17,1,Restaurants, Police Departments, Eyelash Service, Professional Services,
im,Weddings in Santa Barbara,Philadelphia,3.4,5,1,Hotels, Preschools,, Food,
in,Chick-fil-A,Sparks,4.2,10,1,Pizza, Home & Garden, Education, Sandwiches,
io,Blue Wren Studio,Norristown,1.1,144,0,Beauty & Spas, Food, Salad,, Shopping
ip,Domino's Pizza,Indianapolis,2.4,107,0,Plumbing, Breakfast & Brunch, Skin Care,,
iq,McDonald's,Tucson,3.8,5,1,Auto Repair, Burgers,,,
ir,Metro Diner,Indianapolis,4.7,215,1,Apartments, Sandwiches, Specialty Food,,
is,Plume Salon,Exton,3.3,69,1,Breakfast & Brunch, Jewelry, Internet Service Providers,, Food
it,New India's Kitchen,Philadelphia,3.4,205,1,Event Planning & Services, Health & Medical, Tires, Food, Coffee & Tea
iu,The Humming Bird Jerk house,Largo,4.6,5,1,Chinese, Gyms, Fashion, Bars,
iv,Bus Depot Discount VW Parts,Indianapolis,2.9,5,1,Brewpubs, Home Services, Wine Bars,,
iw,Cantina Los Tres Hombres,Tampa,2.8,5,1,Health & Medical, Cafes, Food, Burgers,
ix,Shanghai Express,Tucson,3.0,5,1,Bike Rentals, Automotive,,,
iy,Persis Biryani Indian Grill,Tampa,3.0,123,1,Hair Salons, Automotive, Education,,
iz,Reno Downtown Joint,Lionville,3.6,5,0,Automotive, Piercing, Food Trucks,, Italian
iA,Plume Salon,New Orleans,3.9,208,1,Fashion, Cocktail Bars,, Restaurants, Food
iB,Fox & Hounds Tavern,New Orleans,3.3,260,1,Weight Loss Centers, Food,,,
iC,Plume Salon,Norristown,3.9,5,1,Steakhouses, American (Traditional), American (Traditional),,
iD,Bucks-Mont Environmental,Edmonton,3.7,5,1,Women's Clothing, Doctors, Nightlife,,
iE,Sam's Plaza Shoe Repair,Madison,4.1,5,1,Car Dealers, Physical Therapy, Restaurants,,
iF,Smoke & Thyme,Nashville,4.5,40,0,Real Estate, Beer, Waxing,,
iG,Diamondback Police Supply,Lionville,2.7,43,1,Restaurants, Active Life,,,
iH,Granite City Food & Brewery,Indianapolis,3.9,39,1,Shipping Centers, Cafes, Event Planning & Services, Restaurants,
iI,Textbook Brokers UNR,St. Petersburg,3.8,5,1,Bridal, Department Stores, Hair Stylists, Body Shops, Active Life
iJ,reYOU massage,Philadelphia,4.4,5,0,Carpeting, Pubs, Internet Service Providers, Hotels & Travel,
iK,Little V.I.P's Preschool,Reno,4.2,39,1,Flooring, Middle Eastern, Hair Extensions, Contractors, Hair Salons
iL,Nicola's Pizza,Hendersonville,3.1,16,1,Photography Stores & Services, Auto Repair, Event Planning & Services, Sandwiches, Vintage & Consignment
iM,Merendero La Catrachitas,Tampa,3.3,5,1,Vegan, Grocery, Eyelash Service, Used, Vintage & Consignment
iN,Kuzina By Sofia,Bala Cynwyd,2.4,72,1,Ice Cream & Frozen Yogurt, Beauty & Spas, Sushi Bars, American (New), Automotive
iO,Kroger,Tampa,3.9,257,0,Italian, Tours, Karaoke, Motorcycle Rental, Vintage & Consignment
iP,Express Cafe,Philadelphia,3.3,110,1,Car Dealers, Seafood, Lawyers, Caterers, Bars
iQ,Center City Emergency Dentist,Tampa,3.8,172,0,Shaved Ice, Local Services, Burgers, Accessories,
iR,Rusty's Pizza Parlor,Nashville,4.4,262,1,Nightlife, Basketball Courts, Sushi Bars,,
iS,White Castle,Brandon,4.0,103,1,Restaurants, Barbers, Automotive,, Hair Removal
iT,Plume Salon,Philadelphia,3.4,78,0,Restaurants, Real Estate, Auto Repair,,
iU,America's Best Contacts & Eyeglasses,Philadelphia,2.8,5,1,Car Dealers, Pediatricians, Fashion, Eyelash Service, Local Services
iV,Easy Rider Repair,West Chester,3.6,20,1,Restaurants, Italian,,,
iW,Papa John's Pizza,Reno,5.0,251,0,Beauty & Spas, Tree Services, Personal Shopping, Oil Change Stations, Vintage & Consignment
iX,Snacks By The Pound,Tucson,4.0,223,1,Plumbing, Escape Games, Skin Care, Arts & Entertainment,
iY,Gilley's Antique Mall,Tucson,3.5,184,1,Active Life, Shopping,,,
iZ,Arizona Tile,Media,3.5,57,1,Health & Medical, Auto Repair, Local Services, Oil Change Stations, Nightlife
ja,Jersey Mike's Subs,Clearwater,3.9,5,1,Auto Repair, Specialty Food, Nightlife, Hair Removal,
jb,China Pearl,Brandon,4.7,124,1,Restaurants, Live/Raw Food, Fashion, Italian,
jc,McDonald's,Warminster,4.1,87,1,Chicken Wings, Beauty & Spas, Nightlife,,
jd,Marshalls,Indianapolis,5.0,191,1,Home Services, Art Galleries, Education, Thai,
je,West Coast Awnings,Philadelphia,3.6,5,1,Apartments, Restaurants, Pets,,
jf,Tinkle Belle Diaper Service,Tampa,1.9,135,1,Nail Salons, Medical Spas, Pet Training, Comic Books, Active Life
jg,Porpoise Pub,Largo,4.3,115,1,Flooring, Seafood, Automotive, Gyms, Shopping
jh,Wash N' Roll Car Wash - Madison,Reno,1.9,231,0,Bars, Food, Seafood, Bagels,
ji,Franklin Juice Co,Brentwood,1.8,5,0,Active Life, Furniture Stores, Fast Food, Boating, Jewelry
jj,Villas at San Dorado,Saint Louis,4.3,83,1,Rehabilitation Center, Beauty & Spas, Restaurants, Restaurants,
jk,Rack n Roll Billiards,Sparks,4.3,15,0,Burgers, Restaurants, Automotive, Skin Care, Food
jl,The Bricks,Belleville,5.0,122,1,Coffee & Tea, Used Car Dealers, Financial Services,, Restaurants
jm,Rita's Italian Ice,Fishers,3.6,5,0,Event Planning & Services, General Dentistry, Urgent Care, Seafood,
jn,TKO DJs,Bridgeton,3.0,116,1,Beauty & Spas, Bars, Fashion,,
jo,Reno Tahoe Shuttle,Saint Louis,2.8,5,1,Nightlife, Arts & Entertainment, Fashion,,
jp,G Peppers Grill & Tavern,Brandon,3.7,447,1,Automotive, Restaurants, Automotive, Beauty & Spas, Mags
jq,Trattoria Totaro,Saint Louis,2.4,12,1,Ice Cream & Frozen Yogurt, Oil Change Stations, Real Estate,,
jr,Tomo Japanese Steakhouse and Sushi Bar,Indianapolis,4.2,202,1,Nail Salons, Caterers, Coffee & Tea, Car Dealers, American (Traditional)
js,Harpeth Cleaners,Boise,3.6,5,0,Restaurants, Police Departments, Boating, Used, Local Services
jt,Amber Indian Restaurant,Lionville,4.7,5,1,Eatertainment, Local Services, Eyelash Service, Skin Care, Food
ju,Sherbrooke Liquor Store,Tucson,4.3,109,1,Home Services, Breakfast & Brunch, Local Services,,
jv,Tire Choice Auto Service Centers,New Orleans,4.1,26,0,Banks & Credit Unions, Food, Shopping,,
jw,Plume Salon,Indianapolis,3.2,19,1,General Dentistry, Financial Services, Food Trucks, Shopping,
jx,McDonald's,Tampa,4.7,5,1,Restaurants, Furniture Stores, Food,,
jy,Rockabilly Grill,Edmonton,4.4,35,1,Japanese, American (New), Shopping, Beauty & Spas,
jz,Rogers & Hollands® Jewelers,Wesley Chapel,4.1,221,1,Shopping, Delis, Health & Medical,,
jA,Style Lab For Men,Saint Louis,4.3,171,0,Active Life, Sushi Bars, Guns & Ammo, Used, Vintage & Consignment
jB,Appliance Center,Santa Barbara,3.5,5,1,Machine Shops, Sandwiches, Massage Therapy, Skin Care,
jC,University Crossings,Wesley Chapel,4.2,45,1,Nightlife, Sandwiches, Salad, Fashion, Restaurants
jD,Saint Marys Medical Group,Tampa,4.8,69,1,Hotels & Travel, Local Services, Automotive,,
jE,Blarney Stone General Contracting,Creve Coeur,3.8,8,1,Shopping, Real Estate, Burgers, Hotels & Travel,
jF,The Music Box Village,Oldsmar,2.2,5,1,Discount Store, Arts & Entertainment, Weight Loss Centers, Bakeries,
jG,Oscar's Cafe,Fort Washington,5.0,116,1,Sandwiches, Hardware Stores, Automotive, Burgers,
jH,Wesley Chapel Florist,Lionville,4.6,231,0,Sporting Goods, Education, Doctors, Mexican, Vintage & Consignment
jI,City Center Park,Tucson,2.0,45,0,Event Planning & Services, Beauty & Spas, Event Planning & Services, Food, Sandwiches
jJ,Beneficial Bank,Edmonton,3.8,86,1,Flowers & Gifts, Hair Salons, Real Estate, Shopping, Home Services
jK,Arizona Tile,New Orleans,3.7,83,1,Art Classes, Italian, Real Estate, Bars,
jL,Blarney Stone General Contracting,Edmonton,3.6,5,1,Health & Medical, Sporting Goods, Fashion, Food,
jM,New Orleans Jazz Market,Malvern,2.2,167,1,Restaurants, Shopping,, Skin Care,
jN,Quality Inn & Suites,Indianapolis,3.3,31,1,Food, Professional Services, Restaurants, Hotels & Travel,
jO,Momo's Ouzaria Taverna,Norristown,4.2,5,1,Barbeque, Painters, Salad, Bagels, Food
jP,Jack's Barber Shop,Saint Louis,3.3,166,1,Restaurants, Dentists, Health & Medical, Shopping,
jQ,None Such Farm Market,St. Petersburg,4.0,202,0,Hair Salons, Restaurants, Pets, Breakfast & Brunch,
jR,West Coast Awnings,Indianapolis,4.4,20,0,Pizza, Restaurants,,,
jS,Yogurt Beach,New Orleans,4.1,165,0,Flowers & Gifts, Home Services,, Cosmetology Schools, Adult
jT,Dress Up,Tucson,4.4,49,1,Bridal, Beauty & Spas, Eyelash Service, Used, Vintage & Consignment
jU,Siam Elephant,New Hope,4.2,5,1,Sushi Bars, Professional Services,,,
jV,Pretty In Paint,Tucson,3.5,133,1,Movers, Furniture Stores, Makeup Artists, Used, Motorcycle Gear
jW,Audi Boise,Land O' Lakes,2.3,5,1,Japanese, Wine Bars, Burgers,,
jX,McDonald's,Lansdale,5.0,5,1,Waxing, Breweries, American (New), Automotive, Property Management
jY,A.K. Lube & Auto,Philadelphia,5.0,125,1,Uniforms, Automotive, Campgrounds, Elementary Schools, Arts & Entertainment
jZ,Bang-N Heads Salon,Reno,3.9,82,1,Seafood, Hair Removal, Eyelash Service,,
ka,Just Churros,Clearwater,3.7,214,1,Local Services, Asian Fusion, Eyelash Service, Automotive, Shopping
kb,Biryani Hut,Exton,3.9,5,1,Italian, Tattoo, Burgers, Restaurants,
kc,James L Frank Door Service,Lionville,3.7,5,1,Health & Medical, Embroidery & Crochet, Restaurants,,
kd,Smoke & Thyme,Edmonton,3.8,5,1,Automotive, Restaurants, Fast Food, Fashion, Health & Medical
ke,Advanced Towing & Recovery,Boise,3.5,5,0,Pets, Italian, Sushi Bars, Used,
kf,Gary's World of Wellness,Glenside,4.1,99,1,Auto Parts & Supplies, Ethnic Food, Office Cleaning, Books, Event Planning & Services
kg,Norma's Sweets Bakery,Tampa,4.5,108,1,Fitness & Instruction, Hotels & Travel,, Food,
kh,Burger Village,Tucson,4.0,63,1,Coffee & Tea, Restaurants, Food,,
ki,DeSandro on Main,New Orleans,1.8,5,0,Event Planning & Services, American (Traditional), Restaurants,, Barbers
kj,Fisherman's Cove Seafood,Lionville,4.0,5,1,Home Services, Burgers, Chinese, Doctors, Mailbox Centers
kk,ReJuv Medspa,Philadelphia,3.4,123,1,Beer, Food, Eyelash Service,,
kl,Rusty's Pizza Parlor,Tucson,5.0,307,1,Arts & Entertainment, Photographers, Notaries, Health & Medical,
km,Accurate Window & Screen,Philadelphia,4.5,219,1,Coffee & Tea, Beauty & Spas, Sandwiches, Nightlife,
kn,Shapiro Supply,Greenwood,3.4,5,0,Synagogues, Coffee Roasteries, Cafes, Used, Education
ko,Jackson's Bar & Bistro - Nashville,Conshohocken,2.1,81,1,Motorcycle Rental, Breakfast & Brunch,, Contractors,
kp,Tolsdorf Oil Lube Express,Tucson,4.6,59,0,Doctors, Hotels & Travel, Sushi Bars, Home Services,
kq,ZigZag Scallop,Boise,5.0,165,1,Specialty Food, Specialty Food, Pubs, Restaurants,
kr,Villas at San Dorado,Nashville,5.0,176,1,Chinese, Hair Extensions, Pizza,,
ks,99 Cents Only Stores,Indianapolis,4.1,5,1,Guns & Ammo, Indian,, Nightlife,
kt,Sal DeForte's Ristorante,Nashville,2.9,250,1,Chinese, Burgers, Restaurants, Automotive,
ku,U-Haul of Somerdale,Lionville,4.0,5,1,Photography Stores & Services, Arts & Entertainment,, Skin Care,
kv,SmartStyle,Fishers,2.6,91,0,Coffee & Tea, Nightlife, Arts & Entertainment,,
kw,Gallagher's Pub,Brandon,4.8,345,1,Health & Medical, Police Departments, Party Equipment Rentals, Military Surplus,
kx,The Office,Reno,2.8,5,0,Trinidadian, Fitness & Instruction,,, Professional Services
ky,"Christopher J. Connolly, DMD, PA",Nashville,2.6,175,1,Home Services, Nightlife, Food,,
kz,Wyoming Barber Shop,New Orleans,3.6,102,0,Bars, Hotels & Travel,, Skin Care,
kA,Plume Salon,Edmonton,5.0,5,0,Bridal, Parks, Sushi Bars, Party Supplies, Beer
kB,BODHI : Craft Bar + Thai Bistro,Paoli,2.9,25,0,Mexican, Breweries,, Wine & Spirits, Mobile Phone Repair
kC,1-Hour Auto Glass,Norristown,4.2,206,1,Apartments, Specialty Food, Food, Food,
kD,Vietnamese Food Truck,Reno,2.7,5,1,Italian, Italian, Music Venues, Used, Restaurants
kE,Starbucks,Saint Louis,3.3,39,1,Home Services, Delis, Event Planning & Services, Restaurants,
kF,Contempo Hair Salon,Carmel,3.8,276,1,Pubs, Professional Services, Local Services,,
kG,Sherbrooke Liquor Store,New Orleans,5.0,120,1,Cajun/Creole, Restaurants, Home Services,,
kH,O'Shucks Seafood & Grill,Reno,3.6,174,1,Jewelry, Roofing, Bakeries, Bars, American (Traditional)
kI,Snacks By The Pound,Temple Terrace,2.3,44,1,Banks & Credit Unions, Police Departments,, Restaurants,
kJ,Roy's Appliance Service,Brentwood,2.5,5,0,Hotels & Travel, Food, Restaurants, Seafood,
kK,Crush Gourmet Raspados,Tampa,2.1,162,0,Department Stores, Italian,, Food,
kL,Crown Fried Chicken,Franklin,2.7,49,0,Nightlife, Shipping Centers, Food, Sports Bars, Beauty & Spas
kM,Bronze Lady Home Furnishings,Meridian,3.5,246,0,Arts & Crafts, Cafes, Eyelash Service, Body Shops, Caterers
kN,Nesbit's Magazine Street Market,Edmonton,1.6,17,1,Beauty & Spas, Drugstores, Fashion, Restaurants, Restaurants
kO,DeGrandis Automotive Center,Reno,3.7,5,1,Nail Salons, Seafood, Bars,, Bars
kP,Cornerstone Physical Therapy Associates,Lutz,4.3,71,1,Chicken Wings, Arts & Entertainment, Restaurants,,
kQ,Lush Ink & Skin Studio,Indianapolis,3.5,198,1,Home Services, Real Estate, Auto Detailing,,
kR,4th Street Nails,Clearwater,4.3,172,1,Day Spas, Indian, Body Shops, Gutter Services, Vintage & Consignment
kS,Mumbai Bistro,Tucson,3.4,81,1,Diners, Hotels, Salad, Hair Stylists,
kT,La Bella China Restaurant,Largo,3.8,5,1,Mexican, Nail Salons, Beauty & Spas, Arts & Entertainment,
kU,Plume Salon,Nashville,3.2,117,1,Towing, Burgers,, Hair Extensions,
kV,Aqua Terra Salon & Spa,Lutz,2.1,7,1,Home Services, Party & Event Planning, Home Services, Burgers,
kW,Franklin Juice Co,Indianapolis,4.1,207,0,Italian, Food,, Bike Repair/Maintenance, Mailbox Centers
kX,McDonald's,Philadelphia,2.2,5,1,Beauty & Spas, Event Planning & Services, Bars,,
kY,Draino,Edmonton,2.8,5,1,Automotive, Veterinarians, Hair Salons, Hotels & Travel, Shopping
kZ,TKO DJs,New Orleans,4.0,10,0,Home Services, Wildlife Control, Burgers, Active Life,
la,Brixx Craft House,Metairie,4.3,326,1,Korean, American (New), Salad,, Restaurants
lb,Flambo Caribbean Restaurant,Boise,4.0,113,0,Bars, Arts & Crafts,,,
lc,Mellow Mushroom,Edmonton,3.1,58,1,Self Storage, Pet Groomers, Food, Bars, Venues & Event Spaces
ld,Creative Beginnings Pre-School & Kindergarten,Tampa,2.3,177,0,Sandwiches, American (New), Restaurants, Skin Care,
le,Cantina Los Tres Hombres,Indianapolis,3.8,5,1,Flooring, Thai, Makeup Artists, Parks, Home Services
lf,Cafe Olivia,Newtown,4.0,5,1,Weight Loss Centers, Auto Parts & Supplies, Medical Spas, Hair Salons, American (Traditional)
lg,Esthetic Style,Franklin,5.0,125,1,Bars, Beer,, Used, Nightlife
lh,Nifty Car Rental,Nashville,2.0,361,1,Fashion, Roofing, Home Services,,
li,Mazzoni Center,Madison,4.5,63,1,Coffee & Tea, Oil Change Stations,,,
lj,Salon 139,Wesley Chapel,5.0,80,1,Seafood, Police Departments, Desserts, Truck Rental, Restaurants
lk,Saint Marys Medical Group,Indianapolis,4.0,5,0,Health & Medical, Police Departments, Bars, Health Markets, Breakfast & Brunch
ll,Lush Ink & Skin Studio,Boise,2.3,34,0,Pasta Shops, Auto Repair, Specialty Food, American (New),
lm,Its Sold Here,Clearwater,2.9,274,1,Barbeque, Italian,, Home Services,
ln,Beaver Hill Condominium,Tucson,3.1,5,1,Restaurants, Active Life, Laundry Services, Real Estate,
lo,Tat Starz,Wilmington,2.9,5,1,Beauty & Spas, Breweries, Automotive,,
lp,Blaze Pizza,Tampa,3.0,69,1,Home & Garden, Hair Salons, Home Services, Bagels, Trainers
lq,Cupcake Fairies,Camden,3.4,234,1,Nightlife, Restaurants, Shopping, Nightlife,
lr,Brewster's Pub,St. Louis,2.6,5,0,Event Planning & Services, Indian, Food Trucks, Towing,
ls,Taste of the Caribbean,Wilmington,4.2,145,1,American (Traditional), Food,, Salad, Mailbox Centers
lt,Marino's Auto Repair,Tampa,3.3,261,1,Beer, Car Dealers, Restaurants,, Jewelry
lu,McDonald's,Mount Juliet,4.1,45,1,Real Estate, Police Departments,,,
lv,Mattress Firm West End Avenue,Tucson,2.4,5,1,Hiking, Auto Repair, Shopping, Food,
lw,Plume Salon,Tucson,2.3,97,1,Bagels, Jewelry, Fast Food, Irish, Food
lx,Felix's Restaurant & Oyster Bar,Brentwood,2.1,96,0,Ice Cream & Frozen Yogurt, Active Life, Real Estate Agents, Health & Medical,
ly,Dental Care at Quail Hollow,Edmonton,4.0,5,1,Medical Centers, Home Services, Doctors, Home Services,
lz,JCPenney,Lionville,5.0,5,1,Pizza, Doctors, Auto Repair, Skin Care, Shopping
lA,Plume Salon,Tampa,3.3,182,0,Restaurants, Donuts, Restaurants,,
lB,Renee Hair Salon,Jenkintown,3.5,40,0,Fitness & Instruction, Health & Medical, Health & Medical, Event Planning & Services, Specialty Food
lC,"Christopher J. Connolly, DMD, PA",West Chester,4.8,46,1,Pets, Kids Activities, Eyelash Service, Wine & Spirits, Women's Clothing
lD,Storage of America,Philadelphia,3.6,5,1,Barbers, Shoe Repair, Lawn Services, Arts & Entertainment, Vintage & Consignment
lE,365 Caffe Italiano,Horsham,2.7,251,1,Bars, Home Services, Local Services,, Food
lF,Econo Lodge,Wayne,4.2,5,0,Automotive, French, Towing,,
lG,"Historic Philadelphia, Inc",Edmonton,3.8,54,1,Indian, Breakfast & Brunch, Diagnostic Services,,
lH,McDonald's,Lionville,1.5,5,1,Burgers, Fast Food, Pets,,
lI,Sunset 44 Bistro,Boise,3.6,42,0,Fitness & Instruction, Health & Medical, Doctors, Shopping, Food
lJ,WMGK 102.9 FM,Pinellas Park,4.6,7,1,Restaurants, American (New),,,
lK,Candlewood Suites Tucson,Edmonton,5.0,5,1,Mobile Phones, Religious Organizations, Cinema, Pet Groomers, Fruits & Veggies
lL,Contempo Hair Salon,Indianapolis,2.8,5,1,Eyewear & Opticians, American (Traditional), Pest Control, Chiropractors, Bars
lM,Mungenast Lexus of St Louis,Oro Valley,3.4,5,1,Parenting Classes, Arts & Crafts, Breakfast & Brunch, Used, Vintage & Consignment
lN,Collective Concept,Lionville,2.9,5,0,Active Life, Bars, Home Decor,,
lO,Corissa Miller,St. Petersburg,5.0,277,1,Steakhouses, Hotels & Travel, Local Services,, Salad
lP,Krch Realty,Lionville,5.0,5,1,Food, Middle Eastern, Eyelash Service, Street Vendors, Gyms
lQ,Plume Salon,Philadelphia,2.1,142,1,Public Services & Government, Baby Gear & Furniture,,,
lR,Indigo Point,Oro Valley,4.4,263,1,Auto Repair, Roofing, Outdoor Gear, Specialty Schools,
lS,Crush Gourmet Raspados,Philadelphia,4.0,145,1,Chicken Wings, Italian, Local Services, Health & Medical,
lT,Joe’s Pizza and Pasta,Edmonton,1.5,263,1,Guns & Ammo, Home Services,,,
lU,Children's Dental And Orthodontic Associates,New Hope,3.2,5,1,Apartments, Seafood, Health & Medical, Real Estate, Restaurants
lV,Petite 4,Edmonton,4.7,5,1,Real Estate, Breweries, Nightlife, Towing, Automotive
lW,Merendero La Catrachitas,Philadelphia,4.5,19,0,Masonry/Concrete, Home Decor, Local Services, Italian,
lX,Fleet Feet Sports,Tucson,2.9,5,0,Event Planning & Services, Travel Services, Eyelash Service, Used, Massage
lY,Days Inn by Wyndham Reno South,Ardmore,4.0,5,0,Auto Repair, Hotels & Travel, Real Estate,,
lZ,La Bella China Restaurant,Philadelphia,3.1,162,1,Weight Loss Centers, Local Services,, Shopping, Wine Bars
ma,Bulk Barn,Oro Valley,4.6,215,0,Grocery, Shopping, Bars,,
mb,Dot's Dairy Bar,Edmonton,4.0,270,0,Ice Cream & Frozen Yogurt, Professional Services, Fast Food, Bagels, Event Planning & Services
mc,Cheeseburger In Paradise,Indianapolis,3.8,5,0,Fashion, Beauty & Spas, Real Estate Agents,,
md,Sign of the Arrow,Nashville,5.0,345,1,Pizza, Health & Medical,, Food,
me,Quality Inn Nashville Downtown - Stadium,Plant City,3.5,185,1,Ice Cream & Frozen Yogurt, Seafood, Food,,
mf,Target,Blue Bell,4.8,5,1,Beauty & Spas, Apartments,,,
mg,Splash Car Wash & Lube,Lionville,3.3,241,1,Automotive, Shoe Stores,,,
mh,Think Box Photography,Metairie,2.6,122,1,Home & Garden, Music Venues, Burgers, Burgers,
mi,Jos A Bank,Tucson,3.8,5,1,American (Traditional), Beauty & Spas, Nail Salons, Hotels & Travel, Restaurants
mj,Family Carpets,Bala Cynwyd,2.8,5,1,Flowers & Gifts, Pet Groomers, Health & Medical, Beauty & Spas,
mk,Apron,Tampa,2.8,240,1,Restaurants, Delis, Beauty & Spas, Home Services,
ml,Aloft Philadelphia Airport,Edmonton,3.4,65,0,Apartments, Shopping, Salad, Shopping,
mm,Fusion Pizza & Grill,Spring City,1.8,5,1,Restaurants, Restaurants, Food, Coffee & Tea,
mn,Doc Magrogan's Oyster House - West Chester,Clearwater,4.9,5,0,Real Estate, Shopping, Seafood, Home Services,
mo,Marcie Blaine,Nashville,1.4,114,1,Arts & Entertainment, Shopping, Shopping,,
mp,Stitchers' Dream,Tampa,2.3,250,1,Nightlife, Hair Stylists, Skin Care, Thai, Shopping
mq,Bodyworks Salon & Day Spa,Pinellas Park,3.7,7,0,Pet Groomers, Local Services,,,
mr,DOSC,St. Petersburg,3.1,111,1,Auto Parts & Supplies, Gluten-Free, Auto Detailing, Automotive,
ms,Element Granite & Quartz,Nashville,4.5,5,1,Restaurants, Shopping Centers, Eyelash Service, Automotive, Pubs
mt,HMV Superstore,Brownsburg,4.3,5,0,Towing, Seafood, Hotels & Travel, Burgers, American (Traditional)
mu,Edible Arrangements,Largo,4.5,88,1,Breakfast & Brunch, Restaurants, Fast Food, Auto Repair,
mv,Charlie's Market,Wilmington,3.3,5,1,Restaurants, Police Departments, American (Traditional),, Food
mw,Optilife Chiropractic,Bala Cynwyd,4.5,5,0,Shaved Ice, Food, Home Decor,,
mx,Brew House Pub & Grill,Reno,2.7,5,0,Sporting Goods, Hair Removal, American (Traditional),,
my,Mazzoni Center,New Orleans,2.5,40,1,Food, Nightlife, Demolition Services, Auto Repair,
mz,McDonald's,Plant City,2.5,5,1,Fashion, Furniture Stores, Restaurants,,
mA,Pacifico Hyundai,Bala Cynwyd,2.9,59,0,Restaurants, Donuts, Restaurants,,
mB,Nevada Towing,Sparks,4.7,5,1,Travel Services, Shopping, Restaurants, Shopping,
mC,Think Box Photography,Brandon,2.8,26,1,Golf, Local Services, Sports Bars, Indian, Dentists
mD,Boogyz Donuts,Tucson,5.0,158,1,Hair Salons, Active Life, Japanese, Coffee & Tea,
mE,Village Tap Room,Nashville,1.5,5,0,Home & Garden, Fast Food, Local Flavor, Food Trucks,
mF,Casita Taqueria,Lionville,4.2,194,1,Restaurants, Police Departments, Eyelash Service, Food, Breakfast & Brunch
mG,Candlewood Suites Tucson,Franklin,2.7,8,1,Restaurants, Home Services, Eyelash Service,,
mH,Franklin Juice Co,Seminole,3.6,5,1,Food, Sandwiches, Apartments, Restaurants, Printing Services
mI,Barnes & Noble Booksellers,Tucson,2.2,5,1,Home Services, Home Services, Children's Clothing, Restaurants,
mJ,Paris Parker Salon & Spa,Indianapolis,2.3,74,1,Home Decor, Nightlife, Sushi Bars, Arts & Entertainment,
mK,Liberty City Roasters,Wilmington,2.0,77,1,Coffee & Tea, Cafes, Fast Food, Tires, Restaurants
mL,Run Montecito-Summerland,Brandon,4.8,107,1,Bridal, Fast Food, Hotels & Travel, Gutter Services, Hot Dogs
mM,L'Occitane en Provence,Lionville,5.0,5,1,Health & Medical, Automotive, Local Services, Bars,
mN,Apron,Tucson,3.3,5,1,Bars, Hotels & Travel, Event Planning & Services, Auto Repair, Food
mO,Plume Salon,Saint Petersburg,4.1,180,1,Flooring, Breakfast & Brunch, Hotels & Travel, Home & Garden, Adult
mP,Once Upon A Child - Reno,Langhorne,2.3,5,1,Fashion, Restaurants, Hair Salons, Oil Change Stations, Food
mQ,Scout's Treat Truck,Saint Louis,5.0,102,1,Home Services, Food, Hotels & Travel, Food,
mR,Golden Spirit Alpaca Ranch,Largo,4.8,5,1,Italian, Police Departments,,,
mS,Days Inn by Wyndham Reno South,Santa Barbara,3.2,97,1,Tires, Oil Change Stations, Fishing, Pizza, Specialty Schools
mT,Shanghai Express,St. Petersburg,3.7,19,0,Auto Parts & Supplies, Cafes, Building Supplies, Food, Pizza
mU,Lubrication Corner,Largo,3.1,126,1,Coffee & Tea, Transportation, Fishing, Party & Event Planning, Sporting Goods
mV,Philadelphia Room Escape,Wilmington,3.5,5,1,American (Traditional), Bars,,,
mW,The UPS Store,Lionville,3.6,5,1,Barbeque, Pubs, Sandwiches, Burgers,
mX,Locust Lane Craft Brewery,Tucson,4.2,113,1,Arts & Entertainment, Jewelry,,,
mY,Gasparilla Pirate Festival,Lionville,3.1,5,1,Hair Salons, Real Estate, Naturopathic/Holistic, Tires, Bookstores
mZ,Los Padres National Forest,Nashville,3.5,5,1,Pizza, Restaurants, Bars,,
na,Sushi Wasabi,Saint Louis,4.8,308,1,Coffee & Tea, Breakfast & Brunch, Restaurants,,
nb,Tire Kingdom,Media,4.3,231,0,Italian, Hotels, Japanese, Bagels, Food
nc,Restoration Hardware,Carmel,4.1,81,1,Beauty & Spas, Shopping, Oral Surgeons, Diners,
nd,McDonald's,Philadelphia,2.4,5,0,Hotels, Auto Repair, Sushi Bars, Hair Salons, Windows Installation
ne,McDonald's,Glassboro,1.1,26,1,Steakhouses, Food, Shopping, Active Life, Home & Garden
nf,Shanghai Station,Philadelphia,3.3,117,1,Eyewear & Opticians, Bars, Bars, Nightlife,
ng,Blarney Stone General Contracting,Boise,2.2,264,0,Irish Pub, Libraries, Hotels & Travel, Pet Services,
nh,The Steak Out,Clearwater,4.4,5,1,Car Rental, Real Estate, Laundry Services,,
ni,Urban Tan,Tampa,3.1,91,1,Restaurants, Car Wash, Desserts, Coffee & Tea,
nj,Arizona Stagecoach,Philadelphia,5.0,120,1,Real Estate, Health & Medical, Burgers, Convenience Stores,
nk,Cyclone Car Care,Isla Vista,3.2,51,1,Real Estate, Italian, Gift Shops, Southern, Food
nl,McDonald's,Wesley Chapel,4.1,9,0,Pet Services, Automotive, Pizza, Hair Removal, Nail Salons
nm,Boise Towne Square Dental,Cherry Hill,3.1,5,1,Bridal, Restaurants, Endodontists, Used, Vintage & Consignment
nn,Thoroughbred Nissan,Goleta,2.6,5,1,Mexican, Cafes, Hotels & Travel, Nightlife,
no,Ballistic Fabrication,Wilmington,3.1,56,1,Hotels & Travel, Health & Medical, American (Traditional), Real Estate Services, Used Car Dealers
np,Bob Kramer’s Marionnettes,Tucson,5.0,50,0,Health & Medical, Hair Removal, Appliances,, Nightlife
nq,Brew House Pub & Grill,Tucson,3.7,5,0,Auto Repair, Hair Salons, Museums, Auto Glass Services, Restaurants
nr,Fetch Academy & Dog Resort,Tampa,5.0,5,0,American (Traditional), Education,,,
ns,McMahan Hair Salon,Brandon,3.1,5,0,Carpenters, Barbeque,, Active Life,
nt,Boogyz Donuts,Sherwood Park,4.3,161,1,Diagnostic Imaging, American (New), Nail Salons, Nightlife,
nu,Little Golden Goose,Wayne,4.5,58,1,Pubs, Hotels & Travel, Hair Stylists, Arts & Entertainment,
nv,Western Endocrine Associates,Odessa,4.5,134,1,Delis, Education, Auto Detailing, Salad,
nw,KELP Sushi Joint,Plymouth Meeting,4.0,5,1,Barbeque, Fashion, Sushi Bars, Paint & Sip, Vintage & Consignment
nx,Express Cafe,New Port Richey,3.8,62,1,Home & Garden, Education, Restaurants, Event Planning & Services, Venues & Event Spaces
ny,CD Roma Restaurant,Santa Barbara,2.0,178,0,Arts & Crafts, American (New), Nightlife, Health & Medical, Candle Stores
nz,Enterprise Rent-A-Car,Santa Barbara,3.2,5,1,Barbeque, Department Stores, Eyelash Service, Used, Window Washing
nA,Wink Lash Studio + Bath Bar,Boise,2.0,129,1,Landscaping, Wine & Spirits, Shoe Stores, Food, Shopping
nB,Dune Coffee Roasters - Anacapa,Tampa,3.8,176,1,Food Trucks, Indian, Restaurants, Hotels & Travel,
nC,Dwight's Auto Glass & Tint,Brownsburg,4.4,22,1,American (Traditional), Pet Groomers, Auto Detailing, Food, Nightlife
nD,Boise Therapeutic Massage Center,Saint Louis,3.8,5,1,Restaurants, Hotels, Restaurants,, Health & Medical
nE,Yogurt Beach,Clearwater,3.4,5,0,Shipping Centers, Jewelry,,,
nF,The Bearded Lady Barbershop,Nashville,4.0,5,1,Steakhouses, American (Traditional), Auto Detailing,,
nG,Thoroughbred Nissan,Nashville,3.1,58,1,Sports Bars, Police Departments,, Health & Medical, Community Centers
nH,Pho Friendly,Tampa,4.2,45,1,Bridal, Restaurants,,, Restaurants
nI,Merendero La Catrachitas,Indianapolis,2.5,141,1,Food Trucks, Hotels & Travel,, Italian,
nJ,McDonald's,New Orleans,3.2,153,1,Coffee & Tea, Physical Therapy, Children's Clothing,, Nightlife
nK,B2 Bluefin,Indianapolis,4.2,237,0,American (New), Arts & Entertainment, Restaurants, Nightlife,
nL,Zesty Tsunami,Edmonton,4.8,60,0,Restaurants, Police Departments, Restaurants,, Food
nM,Global Appliance Parts,Saint Louis,4.3,282,0,General Dentistry, Veterinarians, Hair Salons, Pizza,
nN,Temple University Hospital ,Madeira Beach,4.0,238,0,Restaurants, Car Dealers, Food, Auto Repair,
nO,Arcadia Landscape,Philadelphia,3.1,5,1,Bridal, Bars, Food,,
nP,CedarBrook Deli,Nashville,5.0,182,0,Ice Cream & Frozen Yogurt, Sporting Goods, Restaurants, Mexican,
nQ,Mr Wizard Worcester Car Wash,Clearwater,3.2,5,1,American (Traditional), Arts & Entertainment, Burgers,,
nR,Red Hook Coffee & Tea,Wesley Chapel,3.5,5,1,Restaurants, Chicken Wings, Shopping, Hair Salons,
nS,Locust Lane Craft Brewery,Reno,2.2,5,1,Sandwiches, Fast Food, Shopping,,
nT,The Main Lion Cat Grooming Salon,Chalfont,2.5,19,0,Automotive, Shopping, Sports Bars, Restaurants, Restaurants
nU,Parlor Suburban Square,Reno,4.6,5,0,Car Dealers, Auto Repair,,,
nV,Pho Friendly,Reno,2.7,5,1,Parks, Oil Change Stations, Coffee Roasteries, Breweries, Vintage & Consignment
nW,Brugada,Boise,5.0,155,1,Bridal, Restaurants, Health & Medical, Home Services,
nX,ZigZag Scallop,Malvern,2.7,5,0,Sushi Bars, Beauty & Spas, Restaurants, Auto Repair,
nY,Sherbrooke Liquor Store,Lutz,3.6,163,1,Home Services, Restaurants, Desserts, Home Services,
nZ,Trader Joe's,Medford,4.8,5,1,Food, Nail Salons, Home Services, Local Services,
oa,Divine Designs Floral & Tropicals,Alton,3.4,5,0,Fast Food, Pet Sitting, Breakfast & Brunch,,
ob,Boise 4x4,Downingtown,1.8,59,1,Delis, Hotels & Travel, Restaurants,,
oc,Reno Family Chiropractic,Ardmore,4.6,67,1,Nail Salons, Sports Wear, Nightlife,,
od,NY Bagel Cafe & Deli,Tucson,2.6,202,1,Health & Medical, Wine & Spirits, Shopping, Auto Repair,
oe,Cunningham Pest Control,Glenolden,4.1,5,1,American (Traditional), Tree Services, Nightlife,,
of,Babies R US the Baby Superstore,Santa Barbara,5.0,40,1,Burgers, Notaries, Sandwiches,,
og,Gallagher's Pub,Boise,5.0,86,1,Italian, Home Services, Beauty & Spas, Skin Care,
oh,Jaguar Nashville,Lionville,3.7,147,0,Automotive, Spanish, Shopping, Nightlife,
oi,NY Bagel Cafe & Deli,Santa Barbara,3.1,5,1,Food, Indian,,,
oj,The Corner Cafe and Deli,Tampa,3.0,246,1,Coffee & Tea, Men's Clothing, Local Flavor, Specialty Food,
ok,Bar One,Nashville,4.4,51,0,American (New), Restaurants, Beer, Food, Food
ol,Plume Salon,Edmonton,4.1,68,1,Nail Salons, Specialty Food, Nightlife,,
om,Appliance Center,Edmonton,4.1,41,1,Bridal, Donuts, Fast Food,,
on,City Fitness - Northern Liberties,Pinellas Park,4.4,116,1,Food, Oil Change Stations, Auto Repair,,
oo,Guess - Walnut Street,Lionville,5.0,5,1,Beauty & Spas, Bars, Burgers,, Restaurants
op,Pretty Nails,Pinellas Park,4.4,5,1,Hair Salons, Jewelry, Hotels & Travel, Hair Salons, Accessories
oq,Arch Engraving,Ashland City,4.4,5,1,Pizza, Bakeries, Restaurants,,
or,Thoroughbred Nissan,Carmel,3.0,26,1,Nightlife, Women's Clothing, Bars, Arts & Entertainment,
os,Guess - Walnut Street,Reno,4.3,5,1,Real Estate, Cocktail Bars, Fast Food, Hair Extensions,
ot,Huddles Frozen Yogurt,Tucson,4.1,5,1,Local Services, Arts & Entertainment, Watches, Event Planning & Services, Restaurants
ou,Contempo Hair Salon,Bala Cynwyd,3.7,5,1,Building Supplies, Arts & Entertainment, Eyelash Service, Used, Vintage & Consignment
ov,Picasso Restaurant & Bar,Lionville,3.5,159,1,Japanese, DJs, Convenience Stores, Eyelash Service,
ow,Cornerstone Physical Therapy Associates,Montgomeryville,4.4,216,1,Landscaping, Hotels & Travel, Bars, Food, Women's Clothing
ox,Silvio Hair Styling For Men,Chalfont,3.3,40,1,Beauty & Spas, Breakfast & Brunch,,,
oy,Lubrication Corner,Brandon,3.4,5,0,Car Dealers, Restaurants, Real Estate, Food Trucks,
oz,Master Bait and Fishing Supplies,Indianapolis,3.1,52,1,Home Services, Italian, Uniforms, Beauty & Spas, Bars
oA,JCPenney,Edmonton,5.0,72,1,Home Services, Health & Medical, Restaurants,,
oB,7-Eleven,Tampa,3.2,5,0,Doctors, Convenience Stores, Fast Food, Bars,
oC,Bucks-Mont Environmental,New Orleans,4.4,280,1,Food, Financial Services,,,
oD,Taste of Nawlins,Saint Petersburg,3.0,6,1,Automotive, Financial Services, Food Trucks, Automotive, Sandwiches
oE,Burger Village,Marlton,2.6,5,1,Landscaping, Beauty & Spas, Nightlife, Food,
oF,Blackrock Brewers,Philadelphia,3.6,109,1,Shopping, Event Planning & Services, Local Services,,
oG,PalmerCash,Saint Louis,3.9,101,1,Breakfast & Brunch, Active Life, Venues & Event Spaces, Food Trucks, Dentists
oH,Hong Kong Sunny,Terra Ceia,3.4,46,0,Home Services, Local Services, Pubs,,
oI,Total Access Urgent Care,New Orleans,3.1,95,1,Food, Grocery, Flooring, Beauty & Spas, Food
oJ,None Such Farm Market,Philadelphia,2.8,200,1,Beer, Local Services, Burgers, Hotels & Travel,
oK,Tabasco Country Store,Boise,4.4,39,1,Real Estate, Tattoo, Burgers, Sandwiches,
oL,Plume Salon,Greenwood,2.1,93,0,Flooring, Restaurants, Antiques, Restaurants,
oM,A Family Dental Care Center,Philadelphia,3.9,5,1,Ice Cream & Frozen Yogurt, American (New), Burgers, Arts & Crafts, Beauty & Spas
oN,McDonald's,Nashville,2.2,5,1,Hotels & Travel, Performing Arts, Department Stores, Convenience Stores,
oO,Kaiserman JCC,Tampa,4.9,400,0,Shopping, Restaurants, Shopping,,
oP,Roman Forum,Greenwood,3.7,5,1,Barbers, Coffee & Tea, Local Services,,
oQ,Gandolfo's New York Deli,Carmel,2.0,336,1,Bars, Coffee & Tea,,,
oR,McDonald's,Saint Louis,2.6,123,1,Arts & Entertainment, Restaurants, Bars,,
oS,Silver and Blue Outfitters,Philadelphia,2.8,69,0,Shopping, Tattoo, Pubs, Food Trucks,
oT,Silver and Blue Outfitters,Lionville,3.3,101,0,Chinese, Donuts, Burgers,,
oU,St Honore Pastries,Metairie,3.0,5,1,Sandwiches, Health & Medical, Delis, Coffee & Tea,
oV,Mahony's Po-Boys & Seafood,New Orleans,4.8,64,1,Chinese, Donuts, Fitness & Instruction,, Vintage & Consignment
oW,Watson Adventures Scavenger Hunts,Nashville,3.9,107,1,Steakhouses, Automotive, Bars,,
oX,Kids 'R' Kids of Waterset,Madison,4.2,5,1,Parenting Classes, Active Life, Bars,,
oY,Helena Avenue Bakery,Tampa,5.0,133,0,American (Traditional), Food, Active Life,,
oZ,West Coast Awnings,Indianapolis,3.3,5,1,Beauty & Spas, Nightlife,,,
pa,Yellow Garage Antiques,Tampa,4.3,207,1,Food, Fast Food, American (Traditional), Seafood,
pb,Liberty City Roasters,Largo,5.0,198,0,Chinese, Sandwiches,, Shopping,
pc,CVS Pharmacy,Tucson,3.5,5,1,Eyewear & Opticians, Travel Services, Food,,
pd,Medford Village Car Care,Brownsburg,3.3,140,1,Restaurants, Apartments, Party & Event Planning,,
pe,Damaso Painting,Tucson,4.3,147,1,Doctors, American (Traditional), Sports Bars, Doctors,
pf,CVS Pharmacy,Hazelwood,4.4,5,1,Delis, Beauty & Spas, American (Traditional),,
pg,McDonald's,Lionville,5.0,68,1,Women's Clothing, Shopping, Local Services,,
ph,Absolute Luxury,Santa Barbara,4.0,5,1,Home & Garden, Police Departments, Men's Clothing, Home Services,
pi,Preferred Party Place,St. Louis,4.1,5,0,Guest Houses, American (Traditional), Notaries, Event Planning & Services, Local Services
pj,Watson Adventures Scavenger Hunts,Warminster,3.7,5,1,Barbers, Sandwiches, Fast Food, Restaurants,
pk,Stylist Inside,Tampa,4.4,24,1,Antiques, Music Venues, Burgers, Limos, Health & Medical
pl,Epic Automotive,Franklin,3.6,151,1,Home & Garden, Auto Repair,, Food,
pm,James L Frank Door Service,Indianapolis,3.0,106,1,Bagels, Bakeries, Bars, Beer Bar, American (Traditional)
pn,Pep Boys,Tampa,3.1,236,1,Department Stores, Auto Repair, Home & Garden,,
po,Cerveza Jack's,Boise,3.2,245,1,Restaurants, American (Traditional), Food,,
pp,Marty's Pizza,Belleville,5.0,51,1,Weight Loss Centers, Breakfast & Brunch, Hair Salons,,
pq,Foot Massage Reflexology,Glenolden,3.3,14,1,Barbers, Nail Salons, Music Venues, Restaurants,
pr,Heritage Hardwood Floors,Brandon,2.8,177,1,Car Dealers, Automotive, Children's Clothing, American (New), Dentists
ps,Roma Pizza & Italian Eatery,King of Prussia,2.7,228,1,Home Services, Chinese, Pubs, RV Repair, Vintage & Consignment
pt,Wildout Animal & Pest Removal Tampa,Fishers,3.0,5,1,Limos, Italian, Door Sales/Installation, Used, Mailbox Centers
pu,V Sandwiches,Carmel,2.8,5,1,Beauty & Spas, Hotels & Travel, Fast Food,,
pv,Laundromat,Saint Louis,2.0,5,0,Restaurants, Seafood, Automotive,,
pw,Lubrication Corner,Nashville,4.3,5,1,Sandwiches, Apartments, Real Estate Agents, Chocolatiers & Shops, Home & Garden
px,Plume Salon,Kenner,4.9,5,1,Bridal, Insurance, Wine & Spirits, Nightlife,
py,BODHI : Craft Bar + Thai Bistro,Clearwater,3.9,5,1,American (New), Coffee & Tea,, Food,
pz,Super Sushi Kyo Hin,Blue Bell,5.0,5,1,Breweries, Community Service/Non-Profit, Home Decor, Shopping,
pA,Apple Barn Cider Bar and General Store,Tampa,4.5,10,1,Bridal, Local Services, American (Traditional), Bubble Tea, Burgers
pB,Audi Boise,Levittown,2.8,5,1,Sandwiches, Thai, Medical Spas, Printing Services,
pC,Tolsdorf Oil Lube Express,Boise,5.0,5,1,Photography Stores & Services, Nail Salons, Arts & Entertainment, Doctors, Bars
pD,Blue Wren Studio,Philadelphia,2.0,19,0,Restaurants, Food Stands, Fashion, Appliances & Repair, Shared Office Spaces
pE,Brixx Craft House,Chalfont,4.5,157,1,Fast Food, Restaurants,, Shopping,
pF,New Orleans Jazz Market,Chester,3.8,171,0,Body Shops, Automotive,, Active Life,
pG,Sears Auto Center,Tampa,4.9,5,1,Hotels, Seafood, Medical Centers, Home Services,
pH,The Bricks,Indianapolis,2.1,5,1,Discount Store, Police Departments, Bus Tours, Doctors,
pI,Beauty Nails,Brandon,4.5,5,1,Mexican, Local Services, Restaurants, Arts & Entertainment,
pJ,Clear View Glass And Tint,Tampa,4.6,24,1,Sandwiches, Women's Clothing, Massage Therapy,,
pK,Jackson's Bar & Bistro - Nashville,Franklin,2.2,67,1,Barbers, Lounges, American (Traditional), Food, Cafes
pL,John's Pass Waverunners,Reno,2.2,5,1,Barbeque, American (Traditional), Makeup Artists, Used, Pubs
pM,Gavi Italian Restaurant,Indianapolis,5.0,5,1,Chinese, Women's Clothing, Sporting Goods, Restaurants,
pN,Western Endocrine Associates,New Orleans,4.0,5,1,Vitamins & Supplements, Restaurants, Home Services, Shopping,
pO,Appliance Center,Indianapolis,3.7,82,1,Real Estate, Active Life, Restaurants,,
pP,JoJo's Hot Dogs and BBQ,Carmel,3.2,5,1,Ice Cream & Frozen Yogurt, Breakfast & Brunch, Sandwiches, Shopping,
pQ,Alic Motors,New Orleans,2.1,170,0,Furniture Stores, Italian,, Fashion,
pR,Babies R US the Baby Superstore,Madeira Beach,2.4,152,1,Auto Repair, Team Building Activities, Hotels, Fashion,
pS,Sweetwater Wetlands,Indianapolis,3.0,250,1,Bridal, Restaurants, Home Services, Restaurants,
pT,Plume Salon,Reno,3.8,166,0,Grocery, Notaries, Restaurants,,
pU,Optilife Chiropractic,Tucson,5.0,5,1,Specialty Food, Massage, Home Services, Local Services,
pV,Ace Hardware Oak Street,St. Louis,3.4,5,1,Diners, Bespoke Clothing, Fashion,, Coffee & Tea
pW,Tuna Bar,Saint Louis,2.9,35,0,Health & Medical, Mexican,,,
pX,Plume Salon,Indianapolis,2.7,5,1,Restaurants, Pizza, Automotive,,
pY,BRAKEmax,New Orleans,4.3,82,1,Beauty & Spas, Car Dealers, Health & Medical, Tires,
pZ,The Coventry Deli,Reno,3.6,287,1,Fitness & Instruction, Accessories, Donation Center, Accessories, Golf Lessons
qa,Wendy's,Madeira Beach,4.3,5,1,Trampoline Parks, Restaurants, Home & Garden,,
qb,McDonald's,Chalfont,4.5,281,0,Food, Local Services,, Food,
qc,Plume Salon,Reno,4.7,288,0,Restaurants, Shopping, Shopping,,
qd,Local Links,Blue Bell,2.7,24,1,Tires, Restaurants, Food Trucks, Hair Salons, Vintage & Consignment
qe,Gary's World of Wellness,Nashville,5.0,221,0,Mexican, Local Services, Fashion, Restaurants,
qf,Advance Auto Parts,Largo,2.6,7,1,Hotels, Breakfast & Brunch, Shopping, Health & Medical,
qg,Arizona Truck Outfitters,Nashville,3.1,9,1,Self Storage, Restaurants,,,
qh,MedExpress Urgent Care,Meridian,2.9,17,1,Hotels & Travel, Restaurants, Burgers,,
qi,Plume Salon,Tampa,4.8,123,1,Hotels & Travel, Financial Services, Bar Crawl, Breakfast & Brunch,
qj,Taste of Nawlins,Philadelphia,5.0,266,0,Sandwiches, Hair Salons, Beauty & Spas, Swimming Pools, American (Traditional)
qk,Pls Check Cashers,Largo,4.2,5,1,Breakfast & Brunch, Doctors, Local Services,,
ql,Harpeth Cleaners,Isla Vista,3.5,5,1,Home & Garden, Auto Detailing, Specialty Food, Chicken Wings, Professional Services
qm,Man of the Soil Landscape Builder,Tampa,4.2,5,1,Coffee & Tea, Beauty & Spas, Tires, Restaurants,
qn,Studio 240,Affton,4.6,5,0,Home & Garden, Home Services, Eyelash Service,, Food
qo,Eat Mah Taco @ Pal's Lounge,Wilmington,3.2,5,1,American (New), Countertop Installation, Restaurants, Food Trucks,
qp,Chrysalis,Indianapolis,2.4,5,1,Health & Medical, Real Estate, Party Equipment Rentals, Festivals, Waxing
qq,Cafe Olivia,Edmonton,3.6,5,1,Bridal, Contractors, Breakfast & Brunch,, Event Planning & Services
qr,Exterior Building Solutions,Brandon,2.7,96,1,Home Services, Auto Repair, Local Services,,
qs,Cole Brothers,New Orleans,3.2,5,1,Pizza, Restaurants, Event Planning & Services,,
qt,McDonald's,Indianapolis,2.8,5,0,Bars, Police Departments, Fast Food, Eyelash Service,
qu,Run Montecito-Summerland,Affton,4.9,30,1,Home Services, Police Departments, Used Car Dealers, Restaurants, Home & Garden
qv,West Coast Roofing,Sherwood Park,3.1,410,1,Italian, Hair Removal,,,
qw,Biryani Hut,Lionville,3.8,128,1,Car Dealers, Restaurants, Hair Extensions,,
qx,Baxter's Saloon & Grill,Reno,2.6,5,1,Shipping Centers, Beauty & Spas, Food Trucks, Specialty Food, Bars
qy,McDonald's,Tampa Bay,4.6,163,1,Shopping, Hair Removal, Food, Bars,
qz,ImmediaDent - Urgent Dental Care,Carmel,3.6,301,1,Food, Juice Bars & Smoothies, Auto Glass Services, Wigs, Shopping
qA,Fat Jakks,Lionville,1.9,5,1,Nail Salons, Caribbean, Organic Stores, Real Estate Services, Vintage & Consignment
qB,Jack's Barber Shop,Kenner,3.7,126,1,Guest Houses, DJs, Bubble Tea, Furniture Stores,
qC,ReJuv Medspa,Tampa,3.3,48,0,Chicken Wings, Hair Salons, Waxing,,
qD,Baltic Bakery,Metairie,3.6,295,1,Fashion, Italian,,,
qE,Licata's Italian Deli,Saint Louis,4.8,11,1,Japanese, Automotive, Event Planning & Services, Tires,
qF,Isla Vista Community Bike Center,Reno,4.6,113,1,Playgrounds, Food, Automotive, Used, Auto Detailing
qG,Secrets,Saint Petersburg,2.7,5,0,Chicken Wings, Health & Medical, Shopping, Restaurants, Automotive
qH,Taqueria Los Primos,Norristown,3.0,33,0,Home & Garden, Event Planning & Services, Nightlife,,
qI,Eddie's Southtown Donuts,New Hope,3.2,175,1,Pizza, Restaurants,,,
qJ,Something Special,Reno,3.6,33,1,Automotive, Health & Medical, Shaved Ice, Soup,
qK,Plume Salon,Santa Barbara,2.8,5,1,Cupcakes, Bars, Italian,,
qL,Appliance Center,Indianapolis,4.7,138,1,Garage Door Services, Active Life,,,
qM,Mai Thai Restaurant,King of Prussia,4.2,106,1,Fashion, Home Services, Burgers,,
qN,Bustleton Radiology Associates,Nashville,4.2,5,1,Shopping, Doctors, Gyms, Asian Fusion,
qO,Key One,Lionville,3.5,5,0,Arts & Crafts, Local Services, Hotels & Travel,,
qP,Sean Thorntons Public House,Jenkintown,5.0,16,1,Hotels, Men's Clothing, Watches, Restaurants,
qQ,Pho Bistro,Lionville,3.9,5,1,Steakhouses, Baby Gear & Furniture, Food, Gutter Services, Coffee & Tea
qR,Holly Nails & Spa,St. Louis,3.6,222,1,Chinese, Fast Food,,,
qS,Sunset 44 Bistro,Saint Petersburg,3.5,25,1,Fast Food, Hotels,, Auto Repair, Restaurants
qT,Spring Hollow Golf Club,Tucson,2.8,5,0,Car Wash, Breakfast & Brunch, Local Flavor,,
qU,Lubrication Corner,Saint Petersburg,2.3,5,1,Shopping, Caribbean, Eyelash Service, Bars,
qV,Scout's Treat Truck,Nashville,3.4,5,0,Steakhouses, Restaurants, Shopping, Fashion,
qW,Elegance African Hair Braiding,Tucson,4.4,147,0,Towing, Hotels & Travel, Turkish, Restaurants,
qX,Reno Bighorns,Franklin,3.4,5,1,Home Services, Burgers, Health & Medical, Convenience Stores,
qY,Fred Beans Nissan of Doylestown,Philadelphia,4.1,28,1,Steakhouses, American (New), Italian,,
qZ,Bodyworks Salon & Day Spa,Tucson,2.5,5,1,Restaurants, Automotive, Italian,, Nightlife
ra,Plume Salon,New Orleans,2.5,5,1,Italian, Education,,,
rb,McMahan Hair Salon,Hermitage,2.4,5,1,Automotive, Veterinarians, Cosmetics & Beauty Supply, Shopping,
rc,The Wine Loft,Lionville,3.2,9,0,Mobile Phones, Breakfast & Brunch, Men's Clothing, Food Trucks, Bars
rd,Papa John's Pizza,West Chester,3.7,5,1,Breakfast & Brunch, Health & Medical,,,
re,Painting with a Twist,King of Prussia,2.6,5,1,Landscaping, Hair Salons, Wine & Spirits, Home Services,
rf,Baum's Dancewear,Wesley Chapel,1.7,5,1,Food Trucks, Shopping, Bars, Recreation Centers, Restaurants
rg,Weinhardt Party Rentals,Tucson,3.4,5,1,Pet Groomers, Furniture Stores, Restaurants,,
rh,willow + june hair,Lionville,3.8,33,1,Hotels, Police Departments, Local Services, Auto Repair,
ri,Kinjo's Japanese Restaurant,New Orleans,4.6,5,0,Barbers, Skin Care, Wine Bars, Restaurants,
rj,Dunkin',Ballwin,4.0,87,0,Specialty Food, Bakeries, Caterers, Self Storage,
rk,Tomo Japanese Steakhouse and Sushi Bar,Carmel,3.0,5,1,DUI Law, Hotels & Travel,, Home Services,
rl,Prop and Decor Outlet: The Tent Merchant Inc.,Meridian,5.0,149,1,Restaurants, Beauty & Spas, Coffee & Tea, Beauty & Spas, Pressure Washers
rm,Majestic Towing,Indianapolis,4.5,5,1,Towing, Auto Parts & Supplies, Mattresses, Local Services,
rn,Bang-N Heads Salon,Tucson,4.0,142,1,Breakfast & Brunch, Professional Services,, Restaurants,
ro,LA Fitness,Saint Louis,5.0,111,1,Health & Medical, Restaurants, Towing,,
rp,Hyatt Place Philadelphia/King of Prussia,Goleta,3.1,93,1,Active Life, Party & Event Planning, Cocktail Bars, Food Tours,
rq,Chew Doin Fried Chicken & Ramen,Santa Barbara,3.6,32,1,Restaurants, Home Services, Breakfast & Brunch,,
rr,Sparkle Cupcake Company,Lionville,3.6,54,0,Chicken Wings, Food, Desserts,,
rs,Sport Clips Haircuts of Springfield,Franklin,3.4,5,1,Desserts, Appliances & Repair, Waxing, Health & Medical, American (Traditional)
rt,Golden Chopstick Chinese Restaurant,Montgomeryville,3.5,125,1,Shipping Centers, Restaurants, Automotive, Skin Care, Orthopedists
ru,Indianapolis Army Navy,Blue Bell,4.0,5,1,Restaurants, Wheel & Rim Repair,, Shopping, American (Traditional)
rv,Plume Salon,New Orleans,4.5,130,1,Hotels & Travel, Pizza, Door Sales/Installation, Check Cashing/Pay-day Loans,
rw,Olive Garden Italian Restaurant,Philadelphia,4.6,5,1,Health & Medical, Dentists, Bars,,
rx,Medford Village Car Care,Nashville,4.0,157,1,Auto Parts & Supplies, Shopping, Italian, Used, Beauty & Spas
ry,Altitude Trampoline Park - Boise,Saint Louis,3.7,5,1,Flowers & Gifts, Health & Medical, Bars, Italian, Restaurants
rz,"American Freight Furniture, Mattress, Appliance",Philadelphia,4.2,110,1,Health & Medical, Seafood, Internet Service Providers, Coffee & Tea,
rA,Boogyz Donuts,Glenolden,3.9,5,0,Sports Bars, Juice Bars & Smoothies,,,
rB,James L Frank Door Service,Indianapolis,4.3,143,0,Event Planning & Services, Wine & Spirits, Real Estate, Food, Specialty Food
rC,Oscar's Cafe,Boise,3.1,5,0,Barbeque, Active Life,, Local Services,
rD,Edgehill Cafe,Tucson,1.6,141,1,Juice Bars & Smoothies, Coffee & Tea, Beer Tours, Health & Medical, Food Trucks
rE,Sidekicks Pizza,St. Louis,4.3,5,1,Italian, Used Car Dealers, Health & Medical, Coffee & Tea,
rF,Idaho Center For Reproductive Medicine,Tampa Bay,2.0,207,0,Hotels, Coffee & Tea, Music Venues,,
rG,Temple University Hospital ,Glenolden,3.5,5,1,Italian, Dentists, Shopping, Restaurants,
rH,ImmediaDent - Urgent Dental Care,Lionville,3.2,18,0,Automotive, Food, Eyelash Service,, Wine Bars
rI,Carpet One Floor & Home,Nashville,3.6,280,1,Local Flavor, Tours, Health & Medical, Lounges, Nightlife
rJ,The Cider Factory,Carmel,3.6,8,0,Restaurants, Police Departments, Nightlife, Sandwiches, Salad
rK,Reinette Café & Patisserie,Brownsburg,5.0,129,1,Restaurants, Fashion, Shopping,,
rL,ImmediaDent - Urgent Dental Care,Tampa,5.0,10,1,Mexican, Real Estate,, Food,
rM,Union on Fletcher,Boise,3.0,5,1,Vietnamese, Food, Education,,
rN,Days Inn by Wyndham Reno South,Santa Barbara,2.5,237,1,Performing Arts, Waxing, Mexican, Used Car Dealers, Food
rO,Appliance Center,Indianapolis,4.1,112,1,Bridal, Active Life, Auto Detailing,, Nightlife
rP,Manor Riverwalk Luxury Apartments by TRG Management Company,Nashville,3.0,315,1,Burgers, Restaurants, Transmission Repair, Bars,
rQ,Lee Read Diamonds,Edmonton,4.5,56,1,Ice Cream & Frozen Yogurt, Veterinarians, Day Spas, Hair Extensions,
rR,Absolute Luxury,Edmonton,4.3,5,1,Korean, Personal Care Services, Local Services, Shopping,
rS,Sam's Plaza Shoe Repair,St. Petersburg,3.9,44,0,Carpet Cleaning, Fast Food,,,
rT,The Royal Indian Cuisine,Madeira Beach,3.8,5,1,Chicken Wings, Police Departments, Eyelash Service, Sandwiches, Auto Detailing
rU,Saladworks,Lionville,3.0,5,1,Bars, Body Shops, Hair Salons, Bars,
rV,Earl's Auction Company & Liquidators,Carmel,3.8,154,1,Real Estate Agents, Arts & Entertainment,,,
rW,Temple University Hospital ,New Orleans,4.2,5,1,Fitness & Instruction, Home & Garden, Sushi Bars, Arts & Entertainment,
rX,Plume Salon,Saint Louis,5.0,196,0,Nightlife, Police Departments, Home Services, Health & Medical,
rY,The Pet Trailer Mobile Grooming,Lionville,5.0,5,1,Dry Cleaning, Pediatricians, Eyelash Service, Used, Wine Bars
rZ,Taste of Nawlins,Philadelphia,3.9,290,0,Food, Veterinarians, Transmission Repair, Hair Removal, Home Services
sa,DeSandro on Main,Nashville,3.4,5,1,Towing, Police Departments, Oil Change Stations,,
sb,Ted's Luncheonette,Santa Barbara,3.8,334,0,Bridal, Professional Services, Burgers, Doctors, Local Services
sc,City Center Park,Indianapolis,3.1,215,1,Burgers, Restaurants, Salad, Hair Removal, Food
sd,Holiday Nail Salon,Tampa,3.6,5,1,Restaurants, Salad, Breakfast & Brunch, Health & Medical,
se,Quality Inn & Suites,Reno,2.8,159,1,Doctors, Restaurants, Health & Medical,,
sf,Jamba Juice,Silverdale,3.1,5,1,Burgers, Health & Medical, Health & Medical,,
sg,Momo's Ouzaria Taverna,Santa Barbara,2.9,62,0,Weight Loss Centers, Police Departments, Food, Shopping,
sh,Sears Auto Center,Edmonton,4.3,5,1,Restaurants, Food,,,
si,Sal DeForte's Ristorante,St. Petersburg,4.0,5,1,Active Life, Automotive, Local Services, Arts & Entertainment,
sj,Nipper's Pub,Santa Barbara,4.9,59,1,Restaurants, Urgent Care, Massage Therapy,,
sk,Plaza Bowling,Norristown,4.0,132,1,Towing, Police Departments, Eyelash Service, Oil Change Stations, Bars
sl,Manor Riverwalk Luxury Apartments by TRG Management Company,New Hope,3.3,64,1,Apartments, Restaurants, Automotive,,
