review_id,user_id,business_id,stars,useful,funny,cool,date
ss,aTApnuj_Dx483ZcLEujPnQ,Ns,2,3,0,1,1537903802000
st,NEVXtJ4YzoUT6alIo6qEZQ,Nd,4,1,0,0,1309538351116
su,_I9CGapqVhWUR9ChIsLETQ,Zd,3,0,0,0,1537903802000
sv,K5T9ZnX4ulKNe6DN-5y6ww,Zb,3,1,0,0,1405318853892
sw,aWZRFmKByX9sLLU2isIzOA,Uo,4,0,0,0,1533577879259
sx,sX7P1r5TH1AJmA5NU-Ng1g,adG,4,1,0,1,1358263992481
sy,DaUJvHMmKoDDT3vB_ltJ6g,TU,4,0,0,0,1316235270700
sz,hmVE7u0Nt45j5sZCH9j_YQ,PR,5,0,0,0,1407506422056
sA,h7cK6OUOSLbLrc0PQDRtaA,SB,3,0,0,0,1509497174605
sB,Vgx_0jPlJ-ji1VvMmWL56A,TI,4,0,0,0,1484064178685
sC,wDcWtWGawI8Rz2wZRYnGlQ,NB,3,0,1,0,1498395954176
sD,4c0aYZZLTwToiWJEpt6gNg,aet,5,0,1,0,1527787991924
sE,z4YIEEQMHADQ4NEczq7jUg,adB,4,0,0,0,1469462507467
sF,4c0aYZZLTwToiWJEpt6gNg,Ns,3,3,1,2,1325544408764
sG,7qFH1RkPivVRcwxLwhyixg,Qw,4,2,1,1,1495523107216
sH,AlooejhNyNfNUJjepzGJAg,Nr,1,3,1,1,1428549208138
sI,h7cK6OUOSLbLrc0PQDRtaA,Yx,4,1,1,0,1492060485738
sJ,lYPKJEWvxLcTicC8GWCeXg,LE,4,0,0,2,1368664361288
sK,SO5hWS7e0Su710xfphAn3A,Ma,4,3,1,0,1370441778815
sL,5aAfropij4PFIw1K6Tf6Dw,XW,4,0,1,1,1427272325398
sM,UQ8PA5Rq1D6cnH8hzSDKdA,Nq,3,0,0,0,1449642461706
sN,xMBbP4fiSluptalk7-HqaA,aaY,3,0,0,0,1474894642647
sO,z1Dfj8kz3KCArkXaIyaBIA,abo,5,2,0,1,1380628564930
sP,jQLap57r591aW8xZ8yapmg,MA,4,0,0,0,1369932884320
sQ,GJhTtDQhosIsDllYt821zA,Uz,4,0,0,0,1434772518979
sR,LEyRdfEh33INkU_qK3-FAQ,MN,4,3,2,2,1319109707959
sS,Gjj9cj_EsFgwmn-jrjJfeQ,VD,5,1,1,1,1369484277576
sT,pAdr12hz9JLQq5fiVev-Dw,abx,4,0,0,0,1528048215393
sU,RkTfZGAksML93OYzvW4TMQ,ML,1,0,0,0,1455444550123
sV,EEJZi7OjIY21ec-KXDa15Q,Ul,5,1,0,1,1422001767795
sW,POCn1kw8PDR6oV4NAEujzw,adt,3,2,1,0,1414877514040
sX,5TE19zTjTIPq1HANACN7sw,Zb,2,2,0,0,1283387053256
sY,XKuyVKbfcYG-6WYXB2vUxA,Zb,2,2,0,1,1473240346440
sZ,KhSGkmP9adBwKfoE7V-vvg,TU,5,3,1,0,1371452887848
ta,Nj1zUW8IBiEU-vplqO8-Ew,Zl,3,0,0,0,1288384447787
tb,LEyRdfEh33INkU_qK3-FAQ,aam,5,1,1,2,1483243114712
tc,CcXSCGzlhN8Of6xwafPkIQ,Uw,4,2,1,0,1371859906057
td,wWgFpFvNKDliaQb_TItV2g,acD,5,1,0,1,1423735729886
te,76DKxToJ11k1GNJYPux5UQ,aaX,4,1,0,0,1427739242728
tf,NVSYNfZzfZMkXOJqUmcT4Q,Xz,4,1,0,1,1460745825458
tg,LEyRdfEh33INkU_qK3-FAQ,abF,1,2,1,0,1429434213402
th,Vgx_0jPlJ-ji1VvMmWL56A,Na,5,1,1,0,1342149009122
ti,O7l9ox0WSrIQQoOK2fimOg,Ml,5,2,1,2,1299694679909
tj,Q79cbff8cbGMtBwkXInN9g,MT,3,0,0,0,1500245381089
tk,fKF-oAZhwWJpgNouHvq4Zg,aab,4,2,0,1,1399528820375
tl,AJ1LU0Qp5u0iK1TRI5lyYw,Mg,5,0,0,0,1491771348929
tm,9SuP4YCScinm6M_Lak9_rA,adX,3,4,0,2,1352078965940
tn,rItnJdV5VxRM8UxGTpCFRg,abV,4,1,0,0,1484196335033
to,KhHwhL89YnbEw8RNM03C4A,Sz,4,1,0,0,1460836975892
tp,8ybqiIIq9AWe4AmrQEq8qA,VD,5,0,0,1,1331064431615
tq,CkWLJ3p4m4mNQS6mAQiCRg,TQ,4,2,1,1,1442546618506
tr,9AP02BSPR6ro7AIM9U5_Jw,XO,5,0,0,0,1388037427498
ts,nO_9OnmYf0bqh_8pMXJnUg,TL,4,0,0,0,1527680173139
tt,MmTxP-62X0pSmBbpgv1bIw,ade,2,0,0,0,1537903802000
tu,AYxcJXpBJU_lH_8KWfn3EA,Qt,4,3,0,0,1364398137099
tv,ruykibf00mHZhJOcOTgenw,Ye,4,0,0,1,1537903802000
tw,xeq7cdCyt8sCpLsmii2ElQ,UO,5,0,1,0,1537903802000
tx,IE4xKfypWuM3eaaq5q9IxA,MA,2,0,0,1,1321270933983
ty,_nGrlLu_8LguP6cJOMxGww,No,3,2,1,0,1301722395199
tz,JoVuMN8MjB7uVcBYS4IbZg,OV,5,0,0,1,1427962923686
tA,ZOsDHReu1-GZuGgm9CeJQA,Ns,5,0,0,0,1529235721381
tB,XKuyVKbfcYG-6WYXB2vUxA,Vz,5,0,0,1,1444635789943
tC,GnwxfbhK0kttMAM_Ia784g,abt,3,0,1,0,1313323767759
tD,qPRY6ZGFDgWM-T7ByAlMJg,aek,3,0,0,0,1449502498248
tE,vJK3xvyiVpuKHMGJ9Iy0GQ,aaR,3,0,0,0,1454761599331
tF,WtZzrQ0AKl53seC0OQGz1A,XY,5,2,1,2,1410120644468
tG,CKMGEGKf1907Ada0nbJJNg,Tm,5,0,0,1,1498547401334
tH,k24QIVcmhhOnv9MCY3dELA,RB,4,0,0,0,1407020718167
tI,BycWZFxhqenGiFavZPTmHg,Su,2,2,2,1,1497073866677
tJ,PgOsCTt6nOGgLfmfRE3BTQ,aal,4,0,0,0,1372318209233
tK,6Ym-TckIrEDa5YkIPDcA2Q,Uo,5,0,0,0,1537903802000
tL,K6GM4-fMcVPG77lzgpOHeQ,TW,3,0,0,0,1471523787727
tM,iqVGKpCh0_cSbKjHthzCDA,adS,4,0,0,0,1423638030714
tN,z1Dfj8kz3KCArkXaIyaBIA,Yp,5,0,0,0,1394292639605
tO,J-9MFFHWDgreAWoZW-oeoA,Ye,4,0,0,0,1469046488010
tP,2aHbyJ5taxShqR3DBFxrOw,QA,5,0,1,0,1449985332145
tQ,-loKeff8AHTY4HoQY5WgtQ,Ty,5,0,0,0,1405407798168
tR,3rLT_sQPMYtJ3pVtcysugw,Rm,5,0,0,1,1440315206482
tS,yBkMMjXlQCEl7hiIGhQYgw,Qg,5,0,1,1,1285378712254
tT,Nsnk6oy9QMC11lLUvgfVBQ,LE,4,4,0,1,1408648648995
tU,SQfHOHI45llh6uaFUb6GaQ,adv,5,3,0,1,1388006348161
tV,HSQWc-Rgc_OpUTdKmSLjkQ,Vz,2,1,1,0,1451252158747
tW,XqPCLaMURhEJ6-1w2QIo8A,acL,4,0,0,2,1501110586917
tX,buRv2nWy0osyblygSC9ioQ,PJ,5,1,1,1,1512196478468
tY,nFiYurEbPZBAOCURMrBgag,PU,4,5,2,3,1399162594722
tZ,skkRFACf2JDD-rfC3kGDUw,LE,3,2,0,1,1329914585743
ua,VdUjcjZeSF7sH8Z-OZfIag,XL,2,2,1,0,1429961818052
ub,329LY_nhQeGFyGKRqYJSmQ,Us,3,1,0,0,1426940845484
uc,2ykh0_q0uMLFtypLDVSqlg,SE,5,2,1,2,1520473843914
ud,bH7RHLy1psyUTBjOB4CMDw,Nl,1,2,1,0,1313564383760
ue,m0f5AYBkXZ67zalCwBX5rw,VN,3,2,1,1,1388322689386
uf,0w1Cpzqg0LV93LmrWbmZnA,Zt,2,0,1,0,1458650264135
ug,fzy7c7bGIVJbfW8HqDBJXg,Qf,1,3,1,0,1339745557047
uh,5GZRdbsO4IZYyHN5hh5DYg,Te,2,1,0,0,1478078321567
ui,jjOp1erNIM5xgt_eIPwhDg,Ui,4,0,0,0,1537903802000
uj,vmct6SMzG2vP-L15mmxG3A,Wt,5,1,1,0,1512256426598
uk,h7cK6OUOSLbLrc0PQDRtaA,aam,5,0,0,0,1532066507784
ul,TGgfqWnUaCf6DM7TLuNhDQ,aaO,1,0,0,0,1364004220323
um,n6hHjOuv8NAWubj0U7LFLA,NS,4,1,0,0,1390492235256
un,2nM_n1pTgXEwFReOLX-p6Q,OC,4,0,0,0,1495454200244
uo,vIr2vYWApBXiQv5qHFn6gQ,Qf,2,3,1,1,1413657654066
up,LEyRdfEh33INkU_qK3-FAQ,ZF,1,1,1,0,1414857688638
uq,prNjK-LdMwsih8bDA1O1hg,Zv,4,1,0,0,1434306651358
ur,j2Yyd6jVZqnzZpZjzTQWsA,Yy,2,3,0,0,1438560055562
us,fSR8LJJ0Aa3w8HoaGyXYCA,Qf,3,1,1,0,1319797937275
ut,0xTySjRUKF5H54PwqrzvPA,MA,3,2,0,0,1259846409775
uu,NF5RusR6wSg6KFmyLI5Xwg,Vc,5,1,0,1,1405195461076
uv,3iUTSveaCz1bppHFfVH6pQ,abJ,5,0,0,0,1402748108208
uw,mAqj8WY-uHncPpCn3ahCiA,OK,4,2,0,0,1445335628258
ux,vMPx5Xj1KwW3Y2GC9KoKyw,Zs,3,0,0,0,1453688603984
uy,LEyRdfEh33INkU_qK3-FAQ,Qm,5,3,1,2,1302236231786
uz,Bxud1KGV6Ch7mmIo-zZOSw,aer,4,2,0,1,1537903802000
uA,k6zYbMle3LI9jhMuY4Tc4w,aet,4,0,0,0,1522216939425
uB,LEyRdfEh33INkU_qK3-FAQ,abl,3,0,0,1,1489810038585
uC,PYaXWwacBhNPVtXEZ1j-_w,RZ,2,4,2,3,1316175055717
uD,fzy7c7bGIVJbfW8HqDBJXg,VN,2,3,0,1,1398738299993
uE,Qe50BM9SVgTIdP9O7kBF3A,abL,4,3,0,1,1281728284971
uF,GnwxfbhK0kttMAM_Ia784g,NI,5,2,1,1,1421705035175
uG,r4bHH3vmiXGr0-3SlFZC2A,abF,4,1,1,0,1433476715035
uH,L4CXCKMj2NDsr8fd2_XmkA,abB,2,4,1,1,1515751587908
uI,4N13wlL53zsJovIOS0ybVg,SE,4,2,0,1,1392334652312
uJ,3Oq19itHvlUwOPlifef9aA,WG,5,2,0,1,1480908230016
uK,bd5Tal6KdqONmQvua98-yA,Nr,2,4,0,2,1278253938600
uL,3Oq19itHvlUwOPlifef9aA,XY,5,1,0,1,1486853521075
uM,AVNQyhynAB5z6iuN7P3Jfg,ZL,3,1,0,0,1478865355200
uN,7BhiY0D84Lj04kjEWn5fIQ,Nr,3,1,1,1,1321358871943
uO,GDvWN1WkLsRDGA6hR1Orzg,Nl,1,1,1,1,1340893204608
uP,sQ1_Zv7uGZt-Len6ka7EfQ,VW,5,1,0,0,1537903802000
uQ,zjW0LMw1IbVX_iPrapARuA,aeA,5,1,0,1,1345046449040
uR,Jg4XAo8MFGKtJ9DSfs4BJw,Xp,5,1,0,0,1422561106579
uS,3Oq19itHvlUwOPlifef9aA,adK,5,0,1,0,1512797320800
uT,sJpbnTVdk-_gqOL1gGeSyw,adQ,4,3,0,1,1313200484105
uU,PSJyMLcLAUWm0jnrRzHqNQ,PY,5,1,1,0,1381555151392
uV,pYXeL0RCqus2IfhthYCOyA,ado,3,1,0,0,1379341744820
uW,3ywIG2FLBr9JNp6dnc8u3g,Vk,3,3,1,1,1470737267301
uX,XqPCLaMURhEJ6-1w2QIo8A,Pi,5,3,0,2,1537903802000
uY,uCAtWdcGvNDkJUxqBk8OBA,XL,2,1,2,1,1336588065115
uZ,F-NdsEA8CjU-lqORvQ28lw,VT,2,1,0,0,1502229557809
va,Es6VKnZGzchPQHW7oXtwEA,Wj,3,2,1,2,1537903802000
vb,XCYKPKGS-iN6VAsg5gT5GA,Uj,5,2,0,0,1384153659459
vc,i7E48NFYrYduLu3x0baHVw,Re,2,1,1,0,1442899020660
vd,qPRY6ZGFDgWM-T7ByAlMJg,Uz,5,0,0,0,1504116312707
ve,YJkHw_2Xtem5xPkS5rnVXg,acU,3,1,1,1,1421637250026
vf,Fb-hiRymu2D-e1xSScTFKA,abr,5,0,0,0,1478867529363
vg,h7cK6OUOSLbLrc0PQDRtaA,Rd,5,0,1,2,1537903802000
vh,LQ2CDCzIkXrUMXnh-W9QSg,aem,4,0,0,0,1439838645574
vi,5GZRdbsO4IZYyHN5hh5DYg,Yt,2,1,0,1,1432572591348
vj,QHhy6VXvoHAXqkuiq09sog,UY,3,2,0,0,1537903802000
vk,8nXPIfCdJ3xYw-UmAz7oKg,OK,5,2,0,0,1475166917772
vl,zAMDKaUrtpBw8-K7TrjnnQ,Yh,2,0,0,0,1462362300498
vm,C1DkK2Jjxc99PkkhLbMcbA,Re,4,1,0,1,1355350819328
vn,z4YIEEQMHADQ4NEczq7jUg,acN,5,1,0,1,1429369855531
vo,h7cK6OUOSLbLrc0PQDRtaA,RS,2,0,0,0,1317992563460
vp,ZCRY4GLLTli8tZRPi1P7Cw,Rg,5,0,0,0,1495127428772
vq,QzCEzH3R7Z6erOGLr3t55Q,Oo,4,1,1,0,1516812934573
vr,h8o3NmCcg3BAIHsBsm32Sw,Ql,5,1,1,1,1278562943383
vs,656fHiGx2Fixo1A95KeQEg,LE,3,1,1,0,1377830447728
vt,HF5M0dUXiqdu6yIjpecu5A,abn,5,0,0,0,1496835237660
vu,76DKxToJ11k1GNJYPux5UQ,Th,2,2,1,0,1360885068228
vv,DFCR0YRSPAjm2pa1d4Rcog,LK,2,1,0,0,1316668514564
vw,mwjZ7hIY92j2O2rnJJSRRA,Uw,2,2,1,0,1400639869046
vx,6KGAeCfvLH7u78hydmkVPA,Qh,1,0,0,0,1479690553496
vy,4M1ieSGGbkWiuh5gXoofZQ,XL,1,4,2,1,1364939899893
vz,LEyRdfEh33INkU_qK3-FAQ,Vb,3,1,0,0,1401406986057
vA,656fHiGx2Fixo1A95KeQEg,abC,3,2,0,0,1457298575063
vB,QaBNIUwzgN4v_5wjmlJOCg,Ql,5,0,1,0,1454789573994
vC,oZ7y2hZHfnaoucaZC9Hp4g,Wz,5,2,0,1,1397269213881
vD,XxFI5sK79imV13odauVw5A,Zi,5,3,1,1,1289110709415
vE,zMeM0HTnNfjBffhgm-3EBA,aas,4,0,0,0,1501219737938
vF,6kWk8M9VtZLB19ly5NSA3Q,Su,2,3,1,2,1537903802000
vG,uWuNZOzjkkmwkvXXiFH2Jw,aai,5,0,0,0,1476490760011
vH,mNWL9EKq47DaWu46709Nnw,SF,2,0,0,0,1427962553901
vI,XrH6V7a9CSthKdRAf2S-Fw,Sm,4,0,0,0,1470527159489
vJ,ahvd4sFWmmy1oxMCIRZVXw,WI,2,0,0,0,1312283238182
vK,tcNIu8h6CLa6_gvRcgBjyQ,YV,4,3,1,1,1273385737570
vL,muyw2uEl03t5OnXVNvE7HQ,acP,5,3,0,0,1504847992844
vM,sWnHl18lLedKBI_Q7DlbHA,Ys,4,1,0,2,1477783426093
vN,6VNjEWMqCZ0aXdlRqUChqQ,OW,5,1,1,0,1408561918821
vO,GHA-yB6gjmeuL5GKcjuOIA,aaP,3,0,1,0,1421425070990
vP,7ajfMmBJGkFU1kTur3DkkA,XK,5,0,1,0,1393429093590
vQ,nqWcQ2u3bwmf3HE0BgPiTQ,adK,5,1,1,0,1537903802000
vR,vIr2vYWApBXiQv5qHFn6gQ,VW,4,0,0,0,1397236217425
vS,TSxzAqKzU2OvjWSLoSU8dA,Wl,5,2,1,0,1395546490501
vT,h7cK6OUOSLbLrc0PQDRtaA,TU,5,0,0,0,1382866096971
vU,WG7IwpOEn3ApYp9uqaJqGg,abB,4,2,0,1,1490848102753
vV,oGY0KTBWjwgcXs39GMeajQ,Xv,4,0,0,0,1380085223845
vW,BUeqfrO3j65uzd9RxC6gbw,Nd,4,3,0,2,1537903802000
vX,8RcEwGrFIgkt9WQ35E6SnQ,acW,4,2,1,0,1333467580320
vY,7BhiY0D84Lj04kjEWn5fIQ,Qg,5,0,0,1,1273056094943
vZ,JYYYKt6TdVA4ng9lLcXt_g,Wl,5,1,0,1,1429058320503
wa,Hj3wDruCns_CHs17t1HhBw,XU,3,1,0,1,1489328651401
wb,fzy7c7bGIVJbfW8HqDBJXg,WP,5,1,0,1,1494281900189
wc,h7cK6OUOSLbLrc0PQDRtaA,UQ,5,0,1,2,1477198435625
wd,QxkE1n3sOvj45-IvvCo6Vg,WF,3,3,0,1,1361609399750
we,urXDBULh566g7QfmXdj5wg,adg,5,0,0,0,1537903802000
wf,C4hZIVwgfj9FjnY6ndLQFQ,Ye,5,2,0,0,1524916905467
wg,xlBoQPXlMTWxiONOaxgpJA,OQ,4,0,1,0,1240229099153
wh,uoTVceXy90wQFIeW4Va1oQ,Mc,4,0,0,0,1376025872673
wi,4N13wlL53zsJovIOS0ybVg,NP,5,1,0,0,1395918508738
wj,LEyRdfEh33INkU_qK3-FAQ,Vz,1,1,1,0,1484406515398
wk,w-zD8Ln3XZszM82AfVrspg,acv,5,0,0,0,1465465390853
wl,Jlywd4ZlMdWQrVN1cql7JA,Yg,3,2,0,1,1378941425336
wm,LEyRdfEh33INkU_qK3-FAQ,RE,4,1,0,1,1357172015295
wn,bH7RHLy1psyUTBjOB4CMDw,OE,5,0,0,0,1537903802000
wo,UgYUeboBoETAgxom9iRdJQ,MX,4,0,0,0,1496358646171
wp,op3JZOyuBdkSbquRMXjieA,UI,4,0,0,0,1365298467924
wq,T_dkf2aGMyKWGAZ8j6UONQ,Wa,3,0,0,0,1367904826763
wr,P1SNm_cwbreteii_xvFOJg,St,5,0,0,1,1537903802000
ws,eVawz6DWLnjxXDF4vibwyQ,Uw,4,2,1,1,1350959938256
wt,fbkx--Dt_Pb4vV_y-a8JbA,adQ,3,0,0,1,1511519312766
wu,7BtVy5wVDth3-lwFbUgDXA,aex,2,4,0,1,1336909972053
wv,PSKzPt_ZxUz8v1D3e1xUqQ,OM,5,0,0,1,1431550524865
ww,clBOJ9JL_Pc7yiFspgWO3w,VB,3,0,1,1,1440246394957
wx,I71g08coetlGHV8IK0qdpA,WX,5,2,0,0,1488069352545
wy,L4CXCKMj2NDsr8fd2_XmkA,aet,4,0,0,0,1537903802000
wz,N6ZTMIue-2b30CJv2tyPGg,ace,4,2,0,0,1423847782188
wA,76DKxToJ11k1GNJYPux5UQ,Uw,3,2,1,1,1389622327920
wB,EMHYTxbexT3KDzRDYTHLBA,TL,4,0,0,0,1361805227224
wC,SD2wTe9oVhG4j2fAwo1yhg,PU,4,3,1,2,1419293135473
wD,PYaXWwacBhNPVtXEZ1j-_w,abC,4,0,0,0,1305193457789
wE,k9lOYp2MonofJSVr3hDUFw,Xf,2,1,2,1,1318988983201
wF,GDvWN1WkLsRDGA6hR1Orzg,Nl,2,0,0,0,1369690318581
wG,9OVSkNl7J3xwYi29PH7pYw,VR,3,0,0,0,1515720847758
wH,DFCR0YRSPAjm2pa1d4Rcog,abL,4,1,0,1,1381671417397
wI,5Q5aeMq_dgomcVaSuvN5Lg,Rq,4,0,0,0,1453377902040
wJ,2aHbyJ5taxShqR3DBFxrOw,adZ,3,0,0,0,1465940576520
wK,DaUJvHMmKoDDT3vB_ltJ6g,Oi,3,0,0,0,1394145631949
wL,NAKuM4L7Ei7RPhXFCGfLIA,Ml,3,1,0,1,1448625364005
wM,PYaXWwacBhNPVtXEZ1j-_w,PU,4,3,1,1,1537903802000
wN,QjP_u1S__spN5E-fxz8Fog,TU,5,0,0,0,1332240284422
wO,HkUkwpQRNsigIYoALJjczg,QU,1,1,1,0,1428361440942
wP,eEGxmkFixxgEgmvJxx5kyA,PF,3,0,0,0,1373518952126
wQ,qPRY6ZGFDgWM-T7ByAlMJg,abK,5,1,0,0,1459595842208
wR,AReHj97KQa0-qzAfvqIFpQ,Sw,5,0,0,1,1352219350539
wS,hQPFZQPaKKsSzwnslbuYnw,Su,1,0,1,0,1488836344298
wT,Y2jZ1Nqy6ML6d1s26aNSeQ,Ns,3,4,0,1,1498778043709
wU,B4Ijd1rmnzAfrP3WVrdo8g,Wd,5,0,0,0,1414679507351
wV,mR1GTyurdcuhq7LE90V2Eg,abr,5,0,0,0,1428481725678
wW,rItnJdV5VxRM8UxGTpCFRg,aey,5,0,0,1,1421156600913
wX,PSJyMLcLAUWm0jnrRzHqNQ,VR,2,3,0,0,1503524657820
wY,6xRyFB_8w6p6xgWHlnd31A,SB,3,1,0,0,1255323889260
wZ,Qe50BM9SVgTIdP9O7kBF3A,TM,3,5,1,2,1409717556396
xa,z1Dfj8kz3KCArkXaIyaBIA,Nr,4,5,0,2,1411877334532
xb,CoencU_VUBiXhBza0UpfDA,MH,4,0,0,0,1358990626643
xc,BUeqfrO3j65uzd9RxC6gbw,abV,4,1,0,1,1429104154657
xd,yWmupwLUZ2Sa-u8bvs853Q,QF,5,0,0,0,1441576254369
xe,fzy7c7bGIVJbfW8HqDBJXg,Na,4,0,0,0,1263510453278
xf,LEyRdfEh33INkU_qK3-FAQ,Qf,3,1,1,1,1398646479097
xg,Z6xr6Hi17fCPkAkvjB4cjA,Ua,3,0,0,0,1393804039791
xh,j31IHcalTrFX84spLo8Usg,Rn,3,1,0,0,1537903802000
xi,95E_BF2Isc-1wOnL5dCr6g,LW,5,2,0,2,1415768712663
xj,XxFI5sK79imV13odauVw5A,adn,5,0,0,0,1480857691214
xk,UDxhzr6fr5MvAXGkZ_U4pg,MT,2,1,0,0,1512840867198
xl,h7cK6OUOSLbLrc0PQDRtaA,TB,5,0,0,0,1513769012415
xm,0VMuCPgwZliInxGWfJnxKQ,acy,4,0,0,0,1452836947623
xn,ayj7YitJ4WcSedBDFZP4RA,VW,4,1,0,0,1444339084859
xo,WtZzrQ0AKl53seC0OQGz1A,adC,2,1,0,0,1323877775773
xp,azNDotvyn0lURYBzduYsJw,SN,3,0,0,0,1537903802000
xq,MM0u6RdD3dsMnXym2ebzEA,Zs,5,0,0,1,1454753079074
xr,CcXSCGzlhN8Of6xwafPkIQ,UI,3,0,0,0,1388473412557
xs,lQTOuCE2TkTIL4UzvFCI_w,XL,3,5,2,2,1453819184157
xt,IE4xKfypWuM3eaaq5q9IxA,PU,3,3,2,1,1453690191116
xu,g9RJ3rbeIp5ZbMnGPqvOUA,abn,5,1,0,0,1390344780757
xv,s5o8jKd9Z9tfbUw960x3Xw,Sl,3,0,0,1,1512973343063
xw,Wxw5fFaT2b3-hZn1PcHGPQ,Xp,5,1,0,0,1454664578247
xx,h7cK6OUOSLbLrc0PQDRtaA,LE,1,2,1,1,1394225099944
xy,hQPFZQPaKKsSzwnslbuYnw,YY,4,0,0,0,1513478036765
xz,LEyRdfEh33INkU_qK3-FAQ,Vi,5,2,1,0,1347928343616
xA,HQFGhUUx8_u57uih6a7gNw,Zt,3,1,0,1,1460659986192
xB,Hbn20UzbHOaffNNeLcx5Zw,UW,4,0,0,0,1328271109037
xC,sxCZNIzBEoF9iPolDKyeIA,TU,4,1,1,2,1387753124638
xD,lkErq-I0zXd-JYsDgMT16A,OM,4,0,0,0,1537903802000
xE,7dwD3HuzR4sEN9P97-2hhg,UY,1,0,0,0,1486380550607
xF,bR3wmWLb-js1obcfV53gtQ,WI,5,0,0,0,1322469344225
xG,blqEiOptcne58u6eGqt9Gg,Vy,5,3,0,1,1537903802000
xH,yBkMMjXlQCEl7hiIGhQYgw,Zw,3,0,0,0,1409373492334
xI,DWpH_SLM40kFtde7LV1LoQ,Xi,4,3,1,2,1255227643102
xJ,h7cK6OUOSLbLrc0PQDRtaA,Tl,3,0,0,0,1372284228034
xK,9OJdZbS-8DiEtzqicUYQ8g,LT,2,0,0,0,1396556979547
xL,X23bt-XPgRC5yqtrSgp9Jg,aaU,5,0,0,0,1427458479914
xM,m8q0X8bt7UAlawSjbG0c7Q,aed,3,0,0,0,1480451393326
xN,FLGFtGbXaUo0obR6lnZA1Q,Oz,2,1,1,1,1288737578973
xO,ZCRY4GLLTli8tZRPi1P7Cw,SB,3,1,0,1,1362680209096
xP,7BhiY0D84Lj04kjEWn5fIQ,Pj,1,2,0,0,1372940034194
xQ,eVawz6DWLnjxXDF4vibwyQ,Pc,5,0,0,0,1443753046429
xR,-f4o4UgaTqfolTsWZswjYw,Un,5,1,0,0,1323734536256
xS,PgOsCTt6nOGgLfmfRE3BTQ,Qu,5,0,0,0,1405945125276
xT,LEyRdfEh33INkU_qK3-FAQ,Te,5,2,0,0,1537903802000
xU,HkUkwpQRNsigIYoALJjczg,LE,5,2,0,2,1311990462252
xV,EL3vJLk-5t4mIyUDr7Fntw,Nw,4,0,0,0,1387640913010
xW,aPoITuku8yWyHT9cekE-qA,ZQ,5,0,0,0,1528915118011
xX,rcT0TndGpJVf9JufIBwk4Q,acz,4,2,0,0,1511674720437
xY,tlbPmw0TtzODN7CfaZeC9g,abS,1,0,0,0,1377134209537
xZ,8nXPIfCdJ3xYw-UmAz7oKg,acP,3,1,0,1,1399889220592
ya,WKJoektrmcMssSoQSI59ow,Tj,3,0,0,0,1414947349553
yb,5kU-MVqNkrKYBCPDi16uDw,Vz,5,1,1,4,1339840549643
yc,bO8V952ciInMYJwJjFDp9w,VB,5,2,1,2,1417029137707
yd,0VMuCPgwZliInxGWfJnxKQ,Uo,3,0,0,0,1467601713814
ye,3rLT_sQPMYtJ3pVtcysugw,VD,5,2,0,0,1318981216542
yf,0w1Cpzqg0LV93LmrWbmZnA,Nd,4,2,0,2,1505161201005
yg,YJC6s7-ZtW-VdpaLaaRF_A,adg,5,1,0,1,1330738488098
yh,5GZRdbsO4IZYyHN5hh5DYg,QY,3,2,1,1,1321108383395
yi,QaBNIUwzgN4v_5wjmlJOCg,LV,3,3,0,1,1271647322245
yj,ISOfhmCPOhFTnanFGjhjFg,TU,5,3,1,1,1417451474131
yk,k9lOYp2MonofJSVr3hDUFw,Ne,3,4,2,1,1537903802000
yl,JuyKIfOKGK6cttg582j1Ng,ZI,4,4,1,2,1341880851723
ym,z3pethjEj75TLrX66FhUFQ,Zl,3,0,0,0,1425396541985
yn,0UvRgcS1OWdsU6Fd8rVatw,acN,5,0,1,1,1354847307062
yo,hz7-FmMJFBvavfP6G8zsfg,VR,3,0,0,0,1449822273705
yp,jOLdczkaKqfaFb_a_0A6CA,We,4,5,0,1,1452088235812
yq,yzR6AK697EWeDivEcMlHZw,Zv,5,3,1,2,1485722056910
yr,QjP_u1S__spN5E-fxz8Fog,aeH,3,0,0,0,1427330643157
ys,5TE19zTjTIPq1HANACN7sw,Uj,5,0,0,0,1357966092998
yt,jjOp1erNIM5xgt_eIPwhDg,RA,1,2,0,0,1456899317404
yu,9N-vgVtODCXi7UxNlte6vg,Wl,4,2,0,1,1475087966697
yv,9Zc4bJkbLNn7ixcANmmEmA,XL,1,4,1,2,1388820579841
yw,h7cK6OUOSLbLrc0PQDRtaA,acf,3,1,0,0,1394720415756
yx,LEyRdfEh33INkU_qK3-FAQ,Od,4,1,0,0,1303351072278
yy,7xvUccpmp1fXWLAkZaXkDQ,Xf,4,0,0,0,1432136282759
yz,9DxDEUN05M611XLzslIb8Q,TL,5,0,1,0,1414117695433
yA,n2UpKhkU2N-66a1QQzrjYw,Tm,5,1,0,0,1497215916410
yB,Hj3wDruCns_CHs17t1HhBw,Rx,2,0,1,0,1537903802000
yC,b1UgqgMugr2Iso1mriIHJQ,aaF,5,0,0,0,1442203208253
yD,NG3h5OGAUxDP2nGeGInnnA,Oa,5,1,0,0,1400169558834
yE,sX7P1r5TH1AJmA5NU-Ng1g,aey,4,0,0,0,1494971575684
yF,LEyRdfEh33INkU_qK3-FAQ,LV,4,6,0,2,1325316930634
yG,aM-4QcRv2ePBevRjty_m7A,aam,3,0,1,0,1446908562996
yH,MK8QOyEq85qjAEcgvsE5DA,Ys,4,0,0,0,1372127213673
yI,-SMTuqALN1Ag7X8zS4qLVQ,UX,5,3,0,1,1357266887582
yJ,SQfHOHI45llh6uaFUb6GaQ,LE,2,2,0,1,1339090774543
yK,kfiBpwAZFxAo_RcrBmQjbA,PU,4,2,1,2,1449577694866
yL,2ukhKmxfZkxLcvHytFGmPA,adT,3,0,0,0,1420501659501
yM,KhHwhL89YnbEw8RNM03C4A,Wm,4,2,0,1,1302030664495
yN,aWghMKyyg_dBTa826LbIVA,TA,5,0,0,0,1387546703468
yO,cBbVbcqUWrgYLP-06v0UXA,TY,5,0,0,0,1362499488002
yP,KT9-Emtiqng5VDgYy9oF9w,Mm,4,2,1,1,1473597638071
yQ,i9RALjFHy7XWP-3z5vQ2RQ,Ut,5,3,0,1,1531603291539
yR,uP9GfOlntrALbw-DUmMlLQ,NB,2,0,0,0,1432639476302
yS,rCCfiMBYkJAXCj8Ped9H2w,Mx,5,2,0,1,1519869575472
yT,xlBoQPXlMTWxiONOaxgpJA,adR,3,0,0,0,1507964718152
yU,ISOfhmCPOhFTnanFGjhjFg,Sp,1,2,1,1,1398667080673
yV,jeoUxQHWaQElgOn1-6o-Yg,aaY,3,0,0,0,1537903802000
yW,jLr7vcDg43TqS2OK4ROvPQ,Yu,5,1,0,0,1357148457959
yX,kV3VREP4Kf25AgV04-oMEg,Yq,4,1,0,0,1399826552938
yY,ZioiftUg21hE2SIzmoh4xg,Uz,5,0,0,0,1401394652636
yZ,csFHCRejkOU00a8KaI3KKw,Qy,4,0,0,0,1461883791536
za,We9czX_AL0G2GdpjRTiNXQ,Yh,1,2,1,0,1457545345308
zb,9ZLpaBGl-udvS-niR3Y_ow,adI,2,4,1,1,1386320708876
zc,PFLI4ajHSE3WMRBvarVq4w,TI,4,1,0,1,1472870332323
zd,k2RPYM69kQRKuVlK97H6JA,OE,5,1,0,0,1392432407463
ze,5lhisOo609Mymwf9-4MOlA,PD,5,0,0,1,1452414053605
zf,vJ_Vdzvrb5UzGaPAg3dtvA,aaU,3,0,0,0,1443948060867
zg,T-HGP98Ni8C5LEIzVDOCfw,NI,5,0,1,1,1443121035652
zh,_I9CGapqVhWUR9ChIsLETQ,Rn,4,0,0,0,1457948279717
zi,oJMwdSEcl59FlX7cwaf0bA,Xg,2,3,1,3,1383921670569
zj,5zZGsJGf87iZpndTeuVF8g,Nr,2,3,1,2,1537903802000
zk,bDwBtC0jk3is-qLFlxWGWw,aax,4,0,1,0,1537903802000
zl,DxLeV9DjaiKwcbvYFvHv-A,aeg,4,2,0,0,1374675401707
zm,Nk3GR4RsV7NJO1aW1XGiLw,XU,5,1,0,0,1527079680082
zn,PfAyaFWsR3kLIdr5zWJMKA,TU,3,2,1,2,1465718863059
zo,j3sAb6ISO2uhVISy-xDWDA,Sh,3,0,0,1,1469115741598
zp,5RWMKWb_AsAaLGrddyB5ww,TJ,4,3,1,1,1455481405892
zq,LEyRdfEh33INkU_qK3-FAQ,OM,5,1,0,0,1449105907744
zr,Rw0vCeikk9aS2Z_CzXedFA,abs,5,2,0,2,1451727895475
zs,2ZQsxKIcT-KSoqMgh2jKtA,PF,4,0,0,0,1443757792243
zt,Xmf84yGaNI4FWbLAUwNirQ,Yu,4,1,0,0,1494693172208
zu,gZISzFUg6ZIf71XqHAazlQ,Xh,3,3,1,2,1362465903721
zv,_I9CGapqVhWUR9ChIsLETQ,Vv,5,0,1,1,1423306148366
zw,TGgfqWnUaCf6DM7TLuNhDQ,MA,3,1,1,1,1277674937725
zx,DWpH_SLM40kFtde7LV1LoQ,QU,1,0,1,0,1506480593347
zy,ClRdcXiiEuiMy1-l844gCQ,WV,2,1,0,0,1490165113689
zz,Co3BXjjwjxK3aAM1gaH-qg,MA,3,2,1,0,1244914381777
zA,CqKkGeeqjf8vlD12AtCo5Q,acY,4,2,1,2,1529440715371
zB,LEyRdfEh33INkU_qK3-FAQ,LL,5,1,0,0,1360515851237
zC,tKKRsMmiZJy7xUXuTtlVgg,aez,4,2,0,0,1406186816360
zD,7qFH1RkPivVRcwxLwhyixg,XW,4,1,1,1,1384612575366
zE,prNjK-LdMwsih8bDA1O1hg,MD,5,4,1,1,1361527700377
zF,qkDPiW_ty4bm95whBG_KYw,Su,2,0,1,1,1393350167068
zG,4BXfH84xfjJOeB1jT36dWQ,WI,4,2,1,0,1243451452221
zH,tgsU2AYnlpa2mSYpD44OPQ,LE,1,2,1,0,1408850872347
zI,kDeyHdQGVGdqYM11Q6lMTA,Ns,2,1,0,0,1527666809471
zJ,UyFOowLEU66LAgXWNflraw,abz,5,0,0,0,1501333251815
zK,LEyRdfEh33INkU_qK3-FAQ,Nt,5,0,0,0,1393924122225
zL,uxDAk9y430HBkHJIPt-f-Q,abB,3,0,0,0,1446693917130
zM,7BtVy5wVDth3-lwFbUgDXA,VR,3,3,0,0,1449816386539
zN,OGFOpKKavgk-wV9D4dVnYA,Vk,2,0,0,1,1318773254456
zO,WNtY7X29JayaAm6YUiHclw,Zn,3,0,0,0,1489456778242
zP,foap-sSJBkfz6PB2xn8Cjw,OT,2,0,0,0,1392507904247
zQ,M1_7TLi8CbdA89nFLlH4iw,aaB,4,0,0,0,1537903802000
zR,xjQSpme1Z7Xw8XehRLpYuA,Yn,2,0,0,0,1391408777815
zS,YJC6s7-ZtW-VdpaLaaRF_A,Xf,3,0,0,0,1421305691819
zT,LEyRdfEh33INkU_qK3-FAQ,Zb,3,5,1,1,1295768254031
zU,DyuLKWDE_WBNFSLr1L1pLA,Vk,2,2,1,2,1449098231937
zV,95E_BF2Isc-1wOnL5dCr6g,TU,2,0,0,0,1358855333507
zW,m982bOXdBgpmVU3ROb1B2Q,Uw,2,0,0,0,1362510435835
zX,yzR6AK697EWeDivEcMlHZw,ZL,3,0,0,1,1432018504965
zY,AeXIaWRWZYO39Ckq9Lx2Wg,aea,3,0,0,0,1397940428903
zZ,ZkrepPHAkOUIJU5JGb-xBA,Ne,2,2,0,0,1488575597612
Aa,OQLafElx2LwCUM9kMgia5g,Xi,4,1,1,2,1394747563041
Ab,NfoAmvEZ3NVTAtOEshCvwQ,QH,4,0,0,1,1242181701789
Ac,MK8QOyEq85qjAEcgvsE5DA,Tf,5,0,1,1,1455918437249
Ad,cHlvwJXD93J-JTtOJeRLhQ,TY,5,3,1,2,1384619320967
Ae,2K_2OjBp3KYM5SwBnnEsPg,LV,3,2,0,1,1332172782392
Af,swR3AoNMkE3EyzCmYrOWTQ,RO,3,0,0,0,1377679310885
Ag,pazCCxD__iqJlvISfD--dQ,adK,3,0,1,0,1481651077642
Ah,h7cK6OUOSLbLrc0PQDRtaA,PY,2,0,0,0,1385370645959
Ai,Pq7xEh7Fr8GSUhe70qokvQ,OA,5,1,1,0,1358947237178
Aj,h7cK6OUOSLbLrc0PQDRtaA,Sf,4,1,0,0,1348631565043
Ak,wWgFpFvNKDliaQb_TItV2g,TA,3,2,0,0,1465622712554
Al,Qh6z4jUukoB1Bqhf9C-RRQ,VX,2,3,0,0,1527108803606
Am,IE4xKfypWuM3eaaq5q9IxA,Us,3,1,1,0,1439047553002
An,h7cK6OUOSLbLrc0PQDRtaA,ZT,5,2,1,1,1482730861331
Ao,CkWLJ3p4m4mNQS6mAQiCRg,WK,4,3,0,0,1400640529747
Ap,w_CCeboDuwJ6qNQAR6HfoA,Zw,2,0,0,0,1404072812593
Aq,fK-4wsBBWOaeHo-uM_WIeQ,Ns,2,0,0,0,1455591205246
Ar,l9be6lRlJhumEM8ruMMJ7g,Ru,2,2,1,0,1433078163940
As,olKHTqB0pydLHO3pnOFZcQ,VD,5,0,0,1,1292497174657
At,Sa9Jbde7d2kuzhVEAMRWEg,Oc,3,0,0,0,1537903802000
Au,T9b7lYhNTAr7PyL4x8mmIw,XL,4,2,1,0,1261489997479
Av,sQ1_Zv7uGZt-Len6ka7EfQ,aeH,4,0,0,0,1384387958698
Aw,sVer7l3TKwICjZ6liQD53Q,MH,5,2,0,1,1421243642768
Ax,vmct6SMzG2vP-L15mmxG3A,Wd,4,0,0,0,1429252053923
Ay,LEyRdfEh33INkU_qK3-FAQ,aaB,5,0,0,0,1493406689558
Az,XqPCLaMURhEJ6-1w2QIo8A,NI,3,1,0,0,1443528379537
AA,f10WH1fXhy-68r4AEEhAWA,Ts,5,0,0,0,1537903802000
AB,I5MQBC-eRxaIeVbYvUFq0Q,XS,5,0,0,0,1536207191293
AC,3hcTiLoedBVrJHTFlYhTcQ,abC,3,0,0,0,1365676195781
AD,7DjNiPHzXgy3FO63FymqSQ,ado,3,1,0,1,1389817085249
AE,187BneTg0FPZOZjdl2L4hQ,Su,2,0,1,0,1524437211889
AF,LEyRdfEh33INkU_qK3-FAQ,adS,3,0,0,0,1419711930791
AG,yEBHkmp0qGax6d-gk0Wr9A,Zo,4,0,0,0,1454009667800
AH,_bfAc3JR6d03oVLqiYKtQA,Rt,3,1,0,0,1479531290554
AI,vMPx5Xj1KwW3Y2GC9KoKyw,Vz,5,0,0,1,1453539494548
AJ,YolVSROVLb7joHrOv0izpw,aci,4,0,1,0,1464296758893
AK,Co3BXjjwjxK3aAM1gaH-qg,VA,4,1,1,0,1274524385374
AL,24RtLXUcl7AR9CEqAGvH0Q,Vr,5,0,0,0,1508544388344
AM,NZYhTRrfiQV-Z8ssihKS4Q,Ns,2,1,0,1,1388705134128
AN,JuyKIfOKGK6cttg582j1Ng,QU,2,0,1,0,1422059806764
AO,VFM1obzc1OOiIjkRvHvlOw,LE,4,2,1,2,1269551910455
AP,mwtDJxKNWV3Yu1X4bd_Qkg,abx,4,1,0,0,1482408267205
AQ,KLS_AWthM9n6KLcBTCF_RQ,Vc,2,4,1,1,1458746461417
AR,9OVSkNl7J3xwYi29PH7pYw,Ns,5,3,0,1,1420420658294
AS,2nM_n1pTgXEwFReOLX-p6Q,Qn,4,0,0,0,1446560403235
AT,DFCR0YRSPAjm2pa1d4Rcog,Vi,5,2,1,1,1348070951746
AU,0rK2o8eKkJSKJigFSm19og,Zj,4,1,2,1,1525175428063
AV,Hd94ge8JwvQVo1h-5yyTGw,UQ,3,2,1,1,1379698861945
AW,dod4blQ8cwm3fdE00YFC0A,Yx,4,2,1,0,1537903802000
AX,xlBoQPXlMTWxiONOaxgpJA,XU,2,0,0,0,1537903802000
AY,biiytB_o3KzSq_s2WlDkOw,Mc,4,0,0,0,1350479925256
AZ,k6zYbMle3LI9jhMuY4Tc4w,Su,2,3,1,1,1503344576131
Ba,xeq7cdCyt8sCpLsmii2ElQ,Nd,4,3,0,1,1407752945424
Bb,NSwhq-KFFoatc8jKb8lrJw,LV,3,2,0,2,1305770972181
Bc,cIVmIJD7nIiEcVGamfBoVw,Ys,5,3,1,1,1522950025513
Bd,otFFR1QYeWp7sTH2nkGwwA,Su,1,0,1,0,1441793585810
Be,SQfHOHI45llh6uaFUb6GaQ,aav,4,0,0,0,1504881131345
Bf,k24QIVcmhhOnv9MCY3dELA,WI,2,2,0,0,1311039066208
Bg,AlooejhNyNfNUJjepzGJAg,Ul,5,1,0,1,1310381292252
Bh,OGFOpKKavgk-wV9D4dVnYA,Ts,5,0,0,0,1444596181685
Bi,wQebFZNqAF1j0rXWU881cg,adv,5,3,0,1,1537903802000
Bj,5zOxJs6aMyDGqnn1HmXgSg,adG,2,1,0,2,1471181885593
Bk,O9PKyhye1p8hhTReXTot-A,abG,5,0,0,0,1378058403768
Bl,_FX5jwp3abXKwdt6SCGqVA,VM,5,0,1,0,1537171767712
Bm,Pez84U9RVkMcPtsq_H6LTA,abc,4,1,1,1,1495744815665
Bn,fzy7c7bGIVJbfW8HqDBJXg,Nt,5,0,0,0,1385462184526
Bo,rUWZ4hrSHboRXMBBJuyDAQ,OT,4,0,1,0,1537903802000
Bp,LbiDCIq9eNzG5H0J9CmwnA,UW,5,2,0,2,1343133684398
Bq,F-NdsEA8CjU-lqORvQ28lw,abG,5,1,0,0,1401620124497
Br,ocSmiCHL5R9bBZTBmk_ryQ,VX,4,2,0,0,1526104170578
Bs,INw9U07NRNWYaZexS81igQ,Nl,2,1,1,1,1283385680338
Bt,yWmupwLUZ2Sa-u8bvs853Q,Oz,1,1,1,0,1294260728764
Bu,e3aeCu4dK8yR80BUn2OAFg,Wx,1,0,0,0,1381973024072
Bv,uHK4zo6mDRHN-ZWtQwhlSA,YT,5,4,0,2,1464378381450
Bw,ZXiiUA_uUSnuwIKLbzT5sQ,XJ,3,1,0,0,1487441781494
Bx,5RWMKWb_AsAaLGrddyB5ww,ZK,4,0,0,0,1456825288930
By,mAqj8WY-uHncPpCn3ahCiA,Mc,4,1,1,1,1408830945289
Bz,M9DTNmVwtjSli7Y_Qdstuw,OT,2,1,1,1,1455057774861
BA,XCYKPKGS-iN6VAsg5gT5GA,aak,3,0,0,0,1328135823917
BB,mzx63vxrLeP5x31fO9628w,Mw,5,1,0,0,1516019928287
BC,7ajfMmBJGkFU1kTur3DkkA,ME,5,2,0,2,1521571736737
BD,yzR6AK697EWeDivEcMlHZw,Sy,4,2,1,1,1366689740126
BE,LEyRdfEh33INkU_qK3-FAQ,Mv,3,0,0,0,1414071767684
BF,KsTA7_Ps9NucN-VAjy4GOA,Uo,3,0,0,1,1485807462527
BG,UrKgCQvSTSUay1GNCkjnhA,acG,2,0,0,0,1441393316224
BH,_FX5jwp3abXKwdt6SCGqVA,LO,3,1,0,1,1454030044091
BI,CV2nXuIB0VR1MPqq_jPAFA,aeg,5,1,0,0,1473973859370
BJ,h7cK6OUOSLbLrc0PQDRtaA,NI,5,1,0,2,1362091822115
BK,NFuzNDaJO1Z-z5i3stlbag,Tm,5,0,0,0,1444296874620
BL,Wle7bJFVc1PNiEBgSAYlyw,Oy,4,2,1,0,1443353157514
BM,Gj8VCafpynGF1gzRhmVG5g,Nl,1,1,0,0,1400805980159
BN,3Nk8hO7cvu0GTJxmKyCOBw,Su,1,1,1,0,1487160740500
BO,LEyRdfEh33INkU_qK3-FAQ,UQ,3,0,0,0,1500106577208
BP,pOQfzFr3y4wZ4IaloAlAmw,MA,3,1,1,1,1384726732839
BQ,ITpldUH1k90kuxJfccW4SA,acG,1,1,1,0,1398044698218
BR,4LbxeQIyej3mr6HYYTsd7Q,abc,5,5,2,3,1375566447889
BS,MPiLY1Vd8ab2r1kCWmhVHQ,acx,1,2,0,0,1420640520898
BT,O5RlpgnK_raDnLcKf_Mtfg,SM,5,1,0,0,1444073588769
BU,L4CXCKMj2NDsr8fd2_XmkA,St,5,0,0,1,1489869752819
BV,Co3BXjjwjxK3aAM1gaH-qg,aba,3,0,0,0,1415234855047
BW,KT9-Emtiqng5VDgYy9oF9w,Zi,3,5,1,2,1291275432820
BX,h7cK6OUOSLbLrc0PQDRtaA,Tl,1,1,1,1,1537903802000
BY,AJ1LU0Qp5u0iK1TRI5lyYw,aap,2,2,1,0,1286715121892
BZ,WtZzrQ0AKl53seC0OQGz1A,NS,5,1,0,0,1342132507139
Ca,QjP_u1S__spN5E-fxz8Fog,adS,2,0,0,0,1503436634218
Cb,h7cK6OUOSLbLrc0PQDRtaA,MV,5,0,0,0,1401331325628
Cc,I5MQBC-eRxaIeVbYvUFq0Q,Xe,4,3,0,1,1435127386929
Cd,ZXiiUA_uUSnuwIKLbzT5sQ,Vm,5,0,0,0,1331325480360
Ce,oZ7y2hZHfnaoucaZC9Hp4g,Su,5,2,1,2,1537903802000
Cf,8mF7MMTeVQXxIlcmgZeR0Q,Nr,2,5,1,2,1520018715362
Cg,PSJyMLcLAUWm0jnrRzHqNQ,acx,1,1,0,0,1382267870880
Ch,7oTJxm4VE7PnF9dpj6xtMw,LY,1,0,0,1,1478921924247
Ci,HcGQr1GiPnKavo57waY6jw,XL,4,1,0,1,1272607416253
Cj,JegIrW0xiRM4P7h4tKvlww,Tq,4,2,0,0,1394102425411
Ck,jOVYMI4AA0igEVzofX27sg,TU,4,1,1,0,1406445791028
Cl,MPiLY1Vd8ab2r1kCWmhVHQ,adX,4,2,1,1,1319225543118
Cm,FrvbWjNjQT91cQbD0mTV_Q,aap,2,0,1,0,1371057814640
Cn,Et0qEP5K0oTCpAZ0aULmpw,Pt,5,1,0,0,1239983673096
Co,PKPt-PE4BMQ0ZHuGnXulAQ,Ns,3,0,0,1,1383564570359
Cp,LEyRdfEh33INkU_qK3-FAQ,PX,4,0,0,0,1442502898573
Cq,d7qDp1KKg7GOLUMJLrlUsw,Tm,5,2,0,2,1438812908525
Cr,ayj7YitJ4WcSedBDFZP4RA,NO,4,1,0,0,1497897148178
Cs,h7cK6OUOSLbLrc0PQDRtaA,Us,3,2,1,1,1469225210611
Ct,FmS_qwo7hds1dHner5vjgQ,Vk,3,2,1,1,1383714662075
Cu,bxYbODziY09gOZHeBNx56w,Sp,5,1,1,1,1433005698409
Cv,jwbcs_eQ2QznrOyMuqz1LQ,Tj,5,0,0,0,1453302063807
Cw,6JsEeA-Z-nWl3awrR6n9ZA,LV,3,0,0,0,1343936473878
Cx,h7cK6OUOSLbLrc0PQDRtaA,TB,5,0,0,0,1516186760410
Cy,8bZ9QiMWMpAka36qHh2OSg,Ql,5,0,1,1,1329375805125
Cz,Ytdgo2T5qsrm9_teg1uYmg,Nq,1,0,0,0,1421738185911
CA,ClRdcXiiEuiMy1-l844gCQ,Ue,3,1,0,0,1489754537765
CB,u02rZ8bC1Lc09lO3hncYUA,RX,4,0,0,0,1454198904088
CC,h_cIZAqToG7kdFegbs4VXA,Nr,1,2,1,1,1438958353031
CD,NEVXtJ4YzoUT6alIo6qEZQ,aaq,5,2,0,0,1422120060869
CE,_i3uTqtUfyVZDryKzUGGiw,VX,4,2,0,0,1461017168875
CF,KLDEOUzE3OfF6RzZxotUIw,Vv,5,1,2,2,1430583543542
CG,3MpDvy5gEdsbZh9-p92dHg,adz,5,0,0,0,1537903802000
CH,yUngqxBzqCgcdL4heo4Heg,Rs,5,1,1,1,1508036926787
CI,3iUTSveaCz1bppHFfVH6pQ,Xh,2,0,0,0,1399872886620
CJ,6Ym-TckIrEDa5YkIPDcA2Q,Uw,5,1,1,1,1326173344172
CK,LcK8Dve7So689hUPUy38NQ,Us,3,1,0,0,1510264487142
CL,Wle7bJFVc1PNiEBgSAYlyw,Ug,3,2,0,0,1467291229491
CM,lp0rSuWUG0sBInelLAFo7w,TJ,5,1,0,0,1400294349993
CN,PKPt-PE4BMQ0ZHuGnXulAQ,XT,4,1,0,1,1390301758723
CO,1wznt1BOXSQBuJnQcLHLiw,Nr,3,3,0,1,1322986668256
CP,3iUTSveaCz1bppHFfVH6pQ,XL,3,3,2,1,1292282267562
CQ,6gYsCWyLGZhEkp-cdLBU5A,adv,2,1,0,1,1411449588112
CR,LEyRdfEh33INkU_qK3-FAQ,Vz,4,0,0,1,1480200972929
CS,h7cK6OUOSLbLrc0PQDRtaA,Uw,1,0,0,0,1356957185074
CT,xL7WHGTtLL5xHG_YTkfxYA,acB,4,0,0,0,1537903802000
CU,O9PKyhye1p8hhTReXTot-A,aaU,3,2,0,0,1417539252098
CV,h7cK6OUOSLbLrc0PQDRtaA,UL,4,1,0,0,1374551080124
CW,iXyBIcoNCZ9KZgoRVuPl8g,Qq,5,1,0,0,1506993861154
CX,tKKRsMmiZJy7xUXuTtlVgg,Qf,1,4,1,0,1150164261787
CY,Kj4Vm22FGB2AKJuoW_NHRg,abc,3,1,0,0,1409687396748
CZ,LQ2CDCzIkXrUMXnh-W9QSg,LT,3,0,0,0,1462672564899
Da,PLjbQwb1jpuzJwTv9nSI1g,adl,5,0,0,0,1425367115949
Db,vMPx5Xj1KwW3Y2GC9KoKyw,Px,3,1,1,2,1437089006048
Dc,CoencU_VUBiXhBza0UpfDA,adz,5,0,0,0,1423467934994
Dd,K-3kF5Wc3b8cOHTAJpV9tA,Nr,1,2,0,1,1485097706556
De,czFbjCTfAK_EaRN7ydfk5A,SM,5,1,0,0,1330385286994
Df,lOPjhOvaD30YvT1v5F84GA,MG,3,2,0,0,1400162427448
Dg,h7cK6OUOSLbLrc0PQDRtaA,TU,3,1,1,0,1330507045662
Dh,kMT7Hb8zRubKuissGbjcfw,Sa,4,0,0,0,1446527617335
Di,24RtLXUcl7AR9CEqAGvH0Q,aaH,4,2,1,1,1394512193778
Dj,Nj1zUW8IBiEU-vplqO8-Ew,Yj,4,0,0,0,1489570698128
Dk,TJTTkYVlefCOdVKn2qUiBg,MY,5,0,0,0,1537903802000
Dl,kfiBpwAZFxAo_RcrBmQjbA,abH,4,0,0,0,1533746893099
Dm,sMcCc4hcmnr_yolsz80gjA,Xz,4,1,0,1,1514122257356
Dn,TS3Dp7ZGPCtUBA-Myd9vTw,Zs,5,0,0,0,1461381813233
Do,6_SpY41LIHZuIaiDs5FMKA,abs,5,3,0,1,1390778782201
Dp,Rhk8owk3uhFTvzJdYbQ6Xg,aba,3,1,0,1,1379782591192
Dq,qpcpomFNXTt2jpEByD-F0g,Qz,4,0,0,0,1337688589515
Dr,c1U0sTwSFFxShqB3leLoWA,UW,5,1,1,2,1409072328569
Ds,_BHTC7nyCBoZcfiiD5cOXg,NI,2,1,1,0,1449590634529
Dt,3Oq19itHvlUwOPlifef9aA,TA,5,1,0,0,1456989754116
Du,pazCCxD__iqJlvISfD--dQ,RS,4,1,1,2,1234546302122
Dv,fRH_D8HIeHw_7xgPGkjuVw,Su,4,1,1,1,1426025099537
Dw,AVNQyhynAB5z6iuN7P3Jfg,abK,2,0,0,0,1467093895673
Dx,AVNQyhynAB5z6iuN7P3Jfg,Ry,3,0,1,0,1531672213561
Dy,tKkMB4clS1M9iKDhfOUH7g,XL,4,5,2,1,1265753406285
Dz,EMHYTxbexT3KDzRDYTHLBA,Vu,5,1,1,0,1349173240898
DA,bc_HPx4CLPIvDuRvnLTq5g,Oh,5,0,0,0,1416418511952
DB,pNRS91V3d7S1RXTjfXGLuQ,aeG,3,0,0,0,1399863770122
DC,SafM5i92mLdhfT7-DPeunw,TZ,5,0,0,1,1397266118239
DD,zbeZ2JsL3Klt3HhNzQam2A,RX,3,0,0,0,1439751921843
DE,pAYFrLdikjT3u-8W6OS8GQ,Mc,3,0,0,0,1364327796693
DF,SBjQX8BNQk4KtLVf8W14zQ,Yg,3,3,1,1,1301724161467
DG,E-2aaJTr0Lup35NGhV5k8A,Zq,4,0,1,1,1348698384222
DH,gHPUQ9qIcaRdZkzLAk6iQQ,Xf,3,0,1,0,1428634514253
DI,oGV84fsuRbLQRRQ6ZZC1dA,RX,4,0,0,0,1403886181265
DJ,AYxcJXpBJU_lH_8KWfn3EA,PJ,5,1,1,1,1392373657898
DK,ZfgGXtUI5l0lUSkskpc_Qw,OD,5,0,1,0,1300944635157
DL,i9RALjFHy7XWP-3z5vQ2RQ,abx,5,0,0,0,1537903802000
DM,GHA-yB6gjmeuL5GKcjuOIA,Ys,5,1,0,1,1508232349365
DN,VEWzJnleYqTOVglmDALEyA,Ts,5,1,0,1,1537903802000
DO,JyzLjUFEIW3epNlHI6Oa6Q,Uo,5,0,0,0,1492373507043
DP,j2Yyd6jVZqnzZpZjzTQWsA,Qf,2,2,1,1,1382076690609
DQ,7QTh-fkw9Nr2lO10-PV8yw,aal,5,2,0,1,1409210190385
DR,O2iQVIcoXTj-ENIe8Tbdrg,Wu,5,0,0,0,1479408412531
DS,zuVT4alc7WquymXTGAb0Eg,aax,5,1,0,0,1428988996442
DT,Ytdgo2T5qsrm9_teg1uYmg,RS,5,3,1,1,1537903802000
DU,KhHwhL89YnbEw8RNM03C4A,aav,5,1,0,0,1416114670088
DV,NF5RusR6wSg6KFmyLI5Xwg,Wz,4,4,1,2,1461028442901
DW,HF5M0dUXiqdu6yIjpecu5A,VT,4,0,0,0,1537903802000
DX,I71g08coetlGHV8IK0qdpA,TM,3,4,2,3,1377645786636
DY,bSqHaTDsAnQl64cnSzwPDQ,YN,5,0,0,1,1433770559910
DZ,EROW4chFZQF1E-eZVpYAAA,LP,4,1,0,0,1436838641647
Ea,QuZKJnltihmZ8jhwfxPeJA,ade,5,0,0,0,1422973280222
Eb,G3UtIVC0Sl8cbiA0_cPyMg,Ys,5,0,0,0,1406714588760
Ec,Tu4ATXLhy8kRTjpQCnl2pA,Zl,4,1,0,0,1336440959473
Ed,h7cK6OUOSLbLrc0PQDRtaA,Sp,3,3,1,1,1429972624419
Ee,O_55gqjLqCA6V5thXLQegQ,XN,5,2,0,1,1439320090298
Ef,MM0u6RdD3dsMnXym2ebzEA,ZM,4,0,0,0,1374224961441
Eg,4reeeVHHWyZOp_Ejq5n40g,WI,5,1,1,2,1263973654714
Eh,rcxQVKzWrSuIp3ygUENB1w,TA,4,1,0,0,1421437092471
Ei,Fb-hiRymu2D-e1xSScTFKA,XU,5,0,0,0,1256384224689
Ej,k6zYbMle3LI9jhMuY4Tc4w,NI,5,0,0,0,1447142089320
Ek,h7cK6OUOSLbLrc0PQDRtaA,Tm,4,1,0,2,1519146718827
El,NF5RusR6wSg6KFmyLI5Xwg,QJ,5,1,0,0,1515649234987
Em,cQ5iEishVIVdSyAmPUO32g,Oc,4,0,0,0,1494861015009
En,UPrY6IEGG1qRZhqRLDkb9Q,RU,1,1,0,0,1426934775384
Eo,OqTs0lHg5ZXvF1S0bJfzFA,Vz,2,1,1,1,1407328215728
Ep,KsTA7_Ps9NucN-VAjy4GOA,aam,3,0,1,0,1499828397285
Eq,1wznt1BOXSQBuJnQcLHLiw,PC,5,0,0,1,1466316885103
Er,sWBsH2_FwAZy6IVqQ7NNgw,aca,5,0,0,0,1371277860417
Es,2ykh0_q0uMLFtypLDVSqlg,Nl,3,1,1,0,1308362925716
Et,KwC7I2KR-HlEb3KSH4a0bw,Uh,4,2,1,1,1457363302025
Eu,wRfQaWiGKiR_htiSEkauSw,adR,4,0,0,0,1451007127500
Ev,1HLtP--grXUxnHOGc9D3Pg,Zt,3,1,0,0,1537903802000
Ew,F-NdsEA8CjU-lqORvQ28lw,Nu,5,1,0,0,1470176830504
Ex,QxkE1n3sOvj45-IvvCo6Vg,Sd,5,0,0,0,1537903802000
Ey,lr42DRT0i6vPzxuARgyysA,Nr,3,2,0,0,1461417859685
Ez,HQFGhUUx8_u57uih6a7gNw,My,2,0,0,0,1537903802000
EA,YJkHw_2Xtem5xPkS5rnVXg,Qz,4,0,0,1,1520450392902
EB,h7cK6OUOSLbLrc0PQDRtaA,TU,4,1,2,1,1401318997274
EC,1TSDBHSg4aFOTHaRP46rYg,WX,5,3,0,2,1373865824380
ED,d5w_qcO0FvUi49OU5i5UfA,SZ,1,0,1,0,1461120110707
EE,j31IHcalTrFX84spLo8Usg,Od,2,1,0,0,1457210905427
EF,Rw0vCeikk9aS2Z_CzXedFA,aey,5,2,0,0,1378363053037
EG,pBzPG0QNpsIgzkKhiqYskw,VR,2,1,0,0,1444423974679
EH,h7cK6OUOSLbLrc0PQDRtaA,Yq,4,1,0,1,1403179703178
EI,I2c7UszWFxSNRRNS0_2DhQ,UW,5,1,0,2,1379231128980
EJ,iRDgvHuwLfEAFNQF3NHs7g,QS,5,2,1,0,1506493171305
EK,1HLtP--grXUxnHOGc9D3Pg,Us,2,4,1,1,1476925453588
EL,iaAF8iPFiVt6-v7-xBU07Q,Qf,2,1,0,0,1311626708653
EM,ocSmiCHL5R9bBZTBmk_ryQ,YW,5,0,0,0,1403363391524
EN,pazCCxD__iqJlvISfD--dQ,UJ,5,0,0,0,1537903802000
EO,GJcai4A1ASGe8sS7vT_g5A,LD,2,0,0,0,1398805272405
EP,LEyRdfEh33INkU_qK3-FAQ,Ns,4,3,0,2,1524111697360
EQ,fvq56hMZvcePjf23LGdMMQ,WB,4,0,0,0,1448989081610
ER,1HUAEUkVOLZ5DptFf7oIvQ,Yg,3,0,1,1,1398907855455
ES,LYHQ_anXo-4MqYipQWsezA,SZ,1,3,2,0,1493266302247
ET,3iUTSveaCz1bppHFfVH6pQ,XN,5,0,0,0,1388027721991
EU,ywzTqrozX-Fbbjpyc3RZ8Q,PG,3,1,0,1,1493444009173
EV,LEyRdfEh33INkU_qK3-FAQ,MX,1,1,0,0,1537903802000
EW,Jf7gJeFQhh3jCVhqchto_Q,LV,5,3,0,0,1330466893135
EX,WMgXWGP9ajLsgDNy--_NTA,YS,5,0,0,1,1492157207952
EY,hmVE7u0Nt45j5sZCH9j_YQ,Xn,4,1,0,0,1512459386437
EZ,PgOsCTt6nOGgLfmfRE3BTQ,aai,5,1,0,0,1491062003155
Fa,LEyRdfEh33INkU_qK3-FAQ,Vi,5,1,1,1,1282249921090
Fb,K60nMbgc9Hs1b4NicDAg3A,OQ,4,4,1,2,1322926721390
Fc,ZCVEZmTB_StK-UXA3WPVlQ,VY,3,0,1,1,1390690578688
Fd,QiCW-oUHRgyjolEYDF3EVg,Xu,3,0,1,1,1400600162984
Fe,ayj7YitJ4WcSedBDFZP4RA,WG,5,1,0,2,1485773588406
Ff,nuEtJcnjhS1LLzinPch8xw,abx,2,0,0,0,1506709832307
Fg,ZOsDHReu1-GZuGgm9CeJQA,aet,5,0,0,0,1424678019123
Fh,xoPwsLNfF8MCESQ7flu4-Q,ZJ,4,2,1,1,1349213196281
Fi,jlG7lVsF5LY2CxQUCGeQKg,aci,4,0,1,0,1477936221932
Fj,uWuNZOzjkkmwkvXXiFH2Jw,ZD,2,2,0,0,1472075163179
Fk,Fb-hiRymu2D-e1xSScTFKA,Nr,3,4,1,2,1322743351172
Fl,9Zc4bJkbLNn7ixcANmmEmA,Qf,2,2,1,1,1391245281645
Fm,UDxhzr6fr5MvAXGkZ_U4pg,UO,4,0,0,0,1537903802000
Fn,rCCfiMBYkJAXCj8Ped9H2w,Mq,4,0,0,0,1265174871411
Fo,kfiBpwAZFxAo_RcrBmQjbA,Yv,3,0,0,0,1537903802000
Fp,8BWSevPgwWzMwqu_K-AdfA,UG,5,3,1,1,1383629322234
Fq,NfoAmvEZ3NVTAtOEshCvwQ,Qf,3,2,1,1,1409336869786
Fr,sWnHl18lLedKBI_Q7DlbHA,Nl,2,2,1,2,1393892912780
Fs,TSxzAqKzU2OvjWSLoSU8dA,Yr,5,3,1,2,1359441933710
Ft,fzy7c7bGIVJbfW8HqDBJXg,Rg,5,0,0,0,1537903802000
Fu,3ywIG2FLBr9JNp6dnc8u3g,adt,5,2,1,1,1537903802000
Fv,wzt1doPT1OrSP9aIVs5lig,aet,4,0,0,0,1517612609411
Fw,7fna9c6mozOpwio0p7tcwQ,WV,3,2,0,0,1465420017944
Fx,zira3StlLXuENbbnTvNhMg,Sm,5,2,0,1,1391340956042
Fy,GnwxfbhK0kttMAM_Ia784g,LR,5,0,1,0,1421749829983
Fz,uMwAUiumrYgWL8JSfJxFvA,We,4,3,0,0,1426152270966
FA,V9n2Qyr-dvNg00BwMWqquQ,Ul,5,1,0,1,1431081075992
FB,U8WHL_eN_XYntCINBrjThg,Zc,5,0,0,0,1400537580511
FC,FktJOJIp7b2L4XfpHW79cQ,Tx,5,0,0,0,1333519498893
FD,Jl4kC3eiGlEgEylXpOj7-Q,LV,3,3,1,2,1484269774364
FE,_i3uTqtUfyVZDryKzUGGiw,Ns,5,2,1,0,1510569717161
FF,LEyRdfEh33INkU_qK3-FAQ,Sd,4,0,0,0,1383310739142
FG,n281Zl7bj58bnG3QqdDgvw,acc,5,0,1,0,1450478877848
FH,sWBsH2_FwAZy6IVqQ7NNgw,abr,4,0,0,0,1448272351253
FI,n1pp7Kqj9p9HQACdbabkFQ,WI,2,1,0,1,1285552785123
FJ,IE4xKfypWuM3eaaq5q9IxA,acq,2,0,0,0,1448462520478
FK,SafM5i92mLdhfT7-DPeunw,Su,3,1,0,1,1446149521101
FL,CoencU_VUBiXhBza0UpfDA,Yu,5,0,1,1,1408979386471
FM,AReHj97KQa0-qzAfvqIFpQ,QS,5,2,0,1,1396269428196
FN,AVNQyhynAB5z6iuN7P3Jfg,QS,5,3,1,1,1462137060252
FO,QxkE1n3sOvj45-IvvCo6Vg,SN,5,0,1,1,1537903802000
FP,h_cIZAqToG7kdFegbs4VXA,Sp,1,2,1,2,1411238531405
FQ,7fna9c6mozOpwio0p7tcwQ,Tm,5,1,0,1,1514099554287
FR,LEyRdfEh33INkU_qK3-FAQ,Wl,5,1,1,1,1489348568170
FS,dod4blQ8cwm3fdE00YFC0A,OQ,4,3,1,2,1429335651169
FT,Fb-hiRymu2D-e1xSScTFKA,WG,5,0,0,0,1453516124442
FU,IZhonTh3ijdbDqhZYIiHrQ,SE,5,4,2,1,1417027136647
FV,uIBhZTxEdOw1FRVpSJ45mQ,QS,5,2,0,0,1439931452772
FW,E47ejL3krT1wG8NvgtJDgw,RS,2,0,0,0,1354434439397
FX,OqTs0lHg5ZXvF1S0bJfzFA,SZ,3,1,1,1,1504776844409
FY,9T4U4sqE80mtgS9eCblBow,aej,2,0,0,0,1312299404438
FZ,zira3StlLXuENbbnTvNhMg,Qv,4,2,0,1,1494564679810
Ga,ZioiftUg21hE2SIzmoh4xg,RS,4,0,0,0,1489427283417
Gb,kTk9ZjSJUB391At76D7ixw,Vb,3,2,0,1,1368083782434
Gc,SmaAK6il7pyldoqZrH7iTA,Nl,2,1,0,0,1340697828482
Gd,n2UpKhkU2N-66a1QQzrjYw,LI,4,3,0,0,1336401036800
Ge,yvQty5DgFfXlzZjnXteVbA,OR,5,0,0,0,1491496847803
Gf,fbkx--Dt_Pb4vV_y-a8JbA,MY,5,0,0,0,1500540296352
Gg,h7cK6OUOSLbLrc0PQDRtaA,LE,5,4,1,2,1297897794254
Gh,KzZIsBoZvhgL70be88CfSQ,aby,4,2,0,0,1459653767546
Gi,1Y38tVMSPH8jwIGw_y_E3g,Tm,3,1,0,2,1390379208645
Gj,MVmyc1XDr2AqmxBqwECGZQ,Nr,3,3,0,0,1457955787777
Gk,mp3GeUkEr1gmMV5ZThtBpA,abB,5,0,0,0,1473685141326
Gl,xW2A0MciHB0pLB4RHTi0nw,Su,1,4,1,0,1537903802000
Gm,mAqj8WY-uHncPpCn3ahCiA,Mg,5,1,0,0,1468762289156
Gn,ZqdKgTw1zL5ca2beMuWRQA,OM,5,1,0,0,1397923016770
Go,VFM1obzc1OOiIjkRvHvlOw,Ri,4,2,0,0,1530064368885
Gp,GJcai4A1ASGe8sS7vT_g5A,TL,5,1,1,1,1386130692863
Gq,BycWZFxhqenGiFavZPTmHg,ack,5,4,1,2,1451368899602
Gr,J6rNM3ihOm9UOeXh7SlGow,aeo,2,0,0,0,1495942341330
Gs,0EjWviHaYwdaMaD8VBOHWA,XL,3,2,1,0,1271509320743
Gt,h7cK6OUOSLbLrc0PQDRtaA,Wb,4,0,0,0,1362782851722
Gu,vIr2vYWApBXiQv5qHFn6gQ,Qz,3,0,0,0,1450383859310
Gv,fvq56hMZvcePjf23LGdMMQ,Sp,5,4,0,2,1398708155028
Gw,FLgb1q0RN2HTsujD_rM7Lw,VV,1,3,1,1,1206314486595
Gx,LEyRdfEh33INkU_qK3-FAQ,Ma,4,1,1,0,1431396057703
Gy,X23bt-XPgRC5yqtrSgp9Jg,Qf,2,0,0,0,1313901916062
Gz,X23bt-XPgRC5yqtrSgp9Jg,QF,5,0,0,0,1479545328004
GA,uP9GfOlntrALbw-DUmMlLQ,acW,3,2,0,1,1338681423935
GB,HYhQGrbkHeiUO-ENwYY5Ng,aaE,5,1,1,1,1351826639754
GC,VEWzJnleYqTOVglmDALEyA,YN,5,2,0,1,1506084136420
GD,LEyRdfEh33INkU_qK3-FAQ,YW,4,0,0,0,1415907955674
GE,h7cK6OUOSLbLrc0PQDRtaA,TU,4,0,0,0,1356030448253
GF,ImAlPuqpJh5nKXfegb305A,Nr,4,3,1,2,1339634899458
GG,z0C_osSJ88rftTwLfjhClw,Pa,3,0,0,0,1391103981680
GH,QHhy6VXvoHAXqkuiq09sog,Zv,4,2,1,1,1482644615248
GI,5lhisOo609Mymwf9-4MOlA,Nd,4,0,0,0,1426279415933
GJ,dod4blQ8cwm3fdE00YFC0A,Xk,3,1,0,0,1426309307380
GK,ZfgGXtUI5l0lUSkskpc_Qw,adz,5,0,0,0,1495825966286
GL,_bfAc3JR6d03oVLqiYKtQA,Zn,2,0,0,0,1485572580830
GM,Sa9Jbde7d2kuzhVEAMRWEg,Wt,4,1,0,0,1477692763260
GN,9nep_HxlB-VrG6nvtSWK-A,NJ,4,0,0,0,1494065843902
GO,GnQO8XLx2D-63DS82VZNqg,Xf,4,0,1,1,1400279562115
GP,Qv6QWAPt4TkQ-Sjneb02TA,Oa,5,0,0,0,1338518058418
GQ,4N13wlL53zsJovIOS0ybVg,Qf,1,3,1,1,1341534614196
GR,zQTEbn5nWGPypxOf2uRPmg,Zc,5,0,0,0,1475941128781
GS,4KNOhaUhegpmZ6sWwJtRTw,LV,5,1,0,1,1235268819584
GT,fbkx--Dt_Pb4vV_y-a8JbA,Vu,4,1,0,0,1342513898476
GU,25ivqB2eX7dKBI2Ceu8ocw,LE,2,3,1,2,1400702012217
GV,yr0ZS-nBQOGRDNabBoQ5WA,UH,4,0,0,0,1534235666694
GW,xL7WHGTtLL5xHG_YTkfxYA,Zq,4,0,0,0,1384127331184
GX,LEyRdfEh33INkU_qK3-FAQ,Oo,4,1,0,0,1537903802000
GY,CoencU_VUBiXhBza0UpfDA,Wj,5,0,0,2,1537903802000
GZ,5zOxJs6aMyDGqnn1HmXgSg,VD,5,1,0,0,1313910333092
Ha,Nj1zUW8IBiEU-vplqO8-Ew,Ma,4,2,0,1,1424620616037
Hb,8bZ9QiMWMpAka36qHh2OSg,abt,1,0,0,0,1423473608860
Hc,bd5Tal6KdqONmQvua98-yA,We,3,1,0,2,1418593309237
Hd,CoencU_VUBiXhBza0UpfDA,TJ,5,2,0,1,1465812770367
He,Qz1eamOzCmLnmSssW4o5Mw,abG,5,1,0,0,1331399467744
Hf,DGJRD862ewpN3Ux2pkZkHg,MH,4,0,0,0,1412123731676
Hg,7fna9c6mozOpwio0p7tcwQ,ZD,3,1,0,0,1528629703945
Hh,KsTA7_Ps9NucN-VAjy4GOA,abL,4,2,0,0,1245976280179
Hi,5RWMKWb_AsAaLGrddyB5ww,adP,4,1,0,1,1445724408514
Hj,d7qDp1KKg7GOLUMJLrlUsw,PF,2,1,1,0,1340840942899
Hk,PSr90WU06SPRN1XeFD_4pg,abB,4,1,0,0,1397260035417
Hl,d7qDp1KKg7GOLUMJLrlUsw,Nr,1,2,1,1,1436587474833
Hm,i9RALjFHy7XWP-3z5vQ2RQ,PN,5,0,1,1,1440244226603
Hn,UPrY6IEGG1qRZhqRLDkb9Q,WH,5,3,0,1,1496404489074
Ho,bz5Subn2_aXMnzOYqii25w,Sk,4,0,0,0,1437495465865
Hp,7AcGs_uVHFcnoHsKETBy7g,Su,3,1,0,1,1514787338634
Hq,r4bHH3vmiXGr0-3SlFZC2A,Vu,4,0,0,0,1483780359203
Hr,sWnHl18lLedKBI_Q7DlbHA,aer,4,1,0,1,1512407530818
Hs,9T4U4sqE80mtgS9eCblBow,Rs,4,1,1,0,1532332698062
Ht,5zZGsJGf87iZpndTeuVF8g,WZ,5,2,0,0,1261480453360
Hu,yWmupwLUZ2Sa-u8bvs853Q,Wj,2,3,1,1,1473973793475
Hv,lIH_bOsAUxMNoI98Ko4YMQ,Vi,4,1,0,0,1300935298349
Hw,CcXSCGzlhN8Of6xwafPkIQ,Mv,1,0,0,0,1462705531978
Hx,mWamaq-Awy6tf7U4bCtT1A,PJ,5,0,1,1,1460567238981
Hy,PSr90WU06SPRN1XeFD_4pg,aeD,5,0,0,0,1487707119171
Hz,B6G4f3UX1Z5_CpyV1xXm8Q,abs,5,4,1,2,1431007033872
HA,Ybk6XhMlJxB8pmgKshmwOQ,adv,5,1,0,0,1366846618267
HB,amFxfvUiKzainDl1D6rxbQ,Xf,3,0,0,0,1474696712969
HC,8pk7pUCfB7D_wQqDUO34bw,Wa,4,1,0,0,1325907617413
HD,EzpePtiLV944zr_y_zt22g,aeH,4,1,0,1,1384529132434
HE,txaV9pPMH9WMQWxg5taOKQ,Vx,4,2,0,0,1481959104545
HF,00Bx2ANeLfbMfX5mBmLDXQ,PT,4,1,0,0,1408710148763
HG,VA-EKJ7Lk0klvTsBYxnlBg,LE,4,2,1,1,1391655920226
HH,otFFR1QYeWp7sTH2nkGwwA,aal,5,3,0,0,1387271861755
HI,LEyRdfEh33INkU_qK3-FAQ,OK,4,0,0,0,1348204363860
HJ,3MpDvy5gEdsbZh9-p92dHg,aek,3,0,0,0,1460901308336
HK,WtZzrQ0AKl53seC0OQGz1A,abs,5,2,0,3,1526238641034
HL,0TL2UvlfvIe6g53JhjpiEQ,LE,4,2,1,1,1330444572311
HM,UDxhzr6fr5MvAXGkZ_U4pg,Yj,4,0,0,0,1487323666305
HN,LEyRdfEh33INkU_qK3-FAQ,Tc,3,2,1,2,1476626475178
HO,oZ7y2hZHfnaoucaZC9Hp4g,acN,5,0,0,0,1537903802000
HP,zira3StlLXuENbbnTvNhMg,OP,2,0,0,0,1535171637863
HQ,xv2CuOM3BtD6NUO2NN4hVA,Yx,5,0,0,1,1522899334821
HR,97BHRNfBqubPqisKmj46Ww,Xv,3,0,0,1,1280431869460
HS,_80oOdVtwePvzxCuXo-Jyg,Nl,2,0,0,1,1345774698354
HT,KLwDRnl9nkSUxh-Pg9_EFA,Xs,4,1,0,1,1449253500439
HU,97BHRNfBqubPqisKmj46Ww,Rm,5,0,0,1,1483763575727
HV,4reeeVHHWyZOp_Ejq5n40g,aem,5,0,0,0,1471518398594
HW,h7cK6OUOSLbLrc0PQDRtaA,Wm,3,2,0,0,1366653114742
HX,Qe50BM9SVgTIdP9O7kBF3A,TM,3,4,1,2,1400178526709
HY,Zu_KsPaqFkqfdg-6asvN8g,NN,2,2,0,0,1301011316407
HZ,mAqj8WY-uHncPpCn3ahCiA,VT,5,1,0,0,1493063721061
Ia,bc_HPx4CLPIvDuRvnLTq5g,acY,3,0,1,0,1456150204615
Ib,APFqFnfLxffb5YsRHox1vg,Rr,5,0,0,0,1537903802000
Ic,-FFgJuDZLmcZtrxDTRC7sg,Se,3,0,0,0,1412108245128
Id,-G7Zkl1wIWBBmD0KRy_sCw,aey,4,1,0,0,1427955784368
Ie,I71g08coetlGHV8IK0qdpA,VN,2,1,1,0,1442058566047
If,azNDotvyn0lURYBzduYsJw,MG,5,1,0,1,1424320445357
Ig,e4t4Phko2POKIMW4XoKX7A,XL,3,4,2,1,1327176890362
Ih,PYaXWwacBhNPVtXEZ1j-_w,aaE,4,1,0,0,1517779353008
Ii,bR3wmWLb-js1obcfV53gtQ,Ql,5,0,0,0,1330208635509
Ij,LEyRdfEh33INkU_qK3-FAQ,Vz,2,0,1,0,1432150918645
Ik,h7cK6OUOSLbLrc0PQDRtaA,Yu,4,0,0,0,1446699893003
Il,MK8QOyEq85qjAEcgvsE5DA,Vv,1,1,2,1,1410103389773
Im,e4t4Phko2POKIMW4XoKX7A,Vm,5,0,0,1,1415349980324
In,C1DkK2Jjxc99PkkhLbMcbA,Ti,3,1,1,0,1365241307659
Io,aUoy5EfmRB0BL4VSBruqgg,Xu,3,0,0,1,1470881580423
Ip,tSdrIbquGDBy4y6YzNXxPw,MT,3,1,0,0,1503899921293
Iq,kOFFz2Cdeu3vp1kU-BY-2Q,RD,5,2,0,0,1537903802000
Ir,OvHB-kK84Ea7CuUYOp9e2Q,aca,3,0,0,0,1256537727150
Is,yvQty5DgFfXlzZjnXteVbA,Rm,4,0,0,0,1393190658165
It,j3sAb6ISO2uhVISy-xDWDA,Sd,5,0,0,0,1453414804796
Iu,AVNQyhynAB5z6iuN7P3Jfg,adn,4,1,0,0,1537903802000
Iv,1HLtP--grXUxnHOGc9D3Pg,WF,3,2,0,0,1320358420811
Iw,mzx63vxrLeP5x31fO9628w,abu,4,0,0,0,1391609507919
Ix,BZhxjqWIJDDtMag9VGpfIQ,Wj,4,0,1,1,1441156356767
Iy,jDWCDWUujfFpChAX8rgWYg,TL,5,0,1,1,1468510744475
Iz,lOPjhOvaD30YvT1v5F84GA,OP,3,3,0,0,1537903802000
IA,UAvHIpbXzQqJAXePDTJkZw,VY,3,0,1,1,1309879230671
IB,h7cK6OUOSLbLrc0PQDRtaA,Wt,3,2,0,1,1501144005721
IC,KhSGkmP9adBwKfoE7V-vvg,OQ,3,2,1,1,1414569354336
ID,LYHQ_anXo-4MqYipQWsezA,Zh,3,1,0,0,1425492104460
IE,fA9g6N_4U1-xvm5r0cyPmw,abZ,3,0,0,0,1537903802000
IF,g41C5Q0bVIWDvn9d8Sr8_g,acz,3,0,0,0,1480104654191
IG,CkGV6DVF7Cxrcboi2yoxdw,SZ,2,1,1,1,1458294369747
IH,bSqHaTDsAnQl64cnSzwPDQ,SW,3,2,1,1,1462082362518
II,a6E2vlWZtyoOjVyY65ILVw,NI,5,0,0,0,1474882132997
IJ,d7qDp1KKg7GOLUMJLrlUsw,Nd,4,3,1,1,1443760193914
IK,MPiLY1Vd8ab2r1kCWmhVHQ,acN,4,1,0,0,1343462128911
IL,n6hHjOuv8NAWubj0U7LFLA,aas,5,0,0,1,1426806953905
IM,d7qDp1KKg7GOLUMJLrlUsw,Nw,5,0,0,0,1400819356573
IN,Qv6QWAPt4TkQ-Sjneb02TA,Yu,5,0,0,0,1375484840677
IO,0QSRiFDmcQl2UEcJf35z1g,UU,5,1,0,0,1537903802000
IP,_FX5jwp3abXKwdt6SCGqVA,aab,4,1,0,1,1397815246489
IQ,0xTySjRUKF5H54PwqrzvPA,TY,5,1,1,1,1335528339219
IR,6okDtY2AghcJ_T6NnHYKpQ,Re,5,1,1,0,1360245137739
IS,LEyRdfEh33INkU_qK3-FAQ,RP,4,0,0,1,1403929466044
IT,xUeWdB9-3PKHYs7PrBnkVg,RB,5,0,0,0,1466257029343
IU,YGlITSulOrR_cT_eEuaEVQ,Pk,4,0,0,0,1477960059057
IV,vm0ndh7l_NpTj_b4cuJTRQ,Qf,2,2,1,0,1437711728373
IW,LEyRdfEh33INkU_qK3-FAQ,Qf,1,4,1,1,1413162325169
IX,MM0u6RdD3dsMnXym2ebzEA,Vv,2,0,0,0,1477283493591
IY,Tu4ATXLhy8kRTjpQCnl2pA,RJ,1,0,1,0,1336017914011
IZ,OblyhlnqPrGzcFrXlJ2Y0A,Qz,5,1,1,0,1484184306248
Ja,GDvWN1WkLsRDGA6hR1Orzg,RM,4,0,0,0,1379556875955
Jb,YftKeBGd7sZNNqQaC5JK2g,aci,5,0,1,0,1510750717865
Jc,fK-4wsBBWOaeHo-uM_WIeQ,LE,4,2,1,0,1377433147913
Jd,rqYkeGG9PBAdMRDvTMCmfw,Uu,3,0,1,2,1380427810504
Je,UdsVxQQoYsvyh8YwbsWpZQ,Pi,5,2,1,2,1477100462089
Jf,2ukhKmxfZkxLcvHytFGmPA,Xp,5,2,0,0,1333926522465
Jg,vK10miZzAcqqkOAcFKe6uA,Ov,3,3,0,2,1422810581760
Jh,RRsbPGYyKJ3zqMMkzcHZaQ,acC,3,1,0,0,1380762241224
Ji,oLQCUipLu6a_wEb8BXYtGg,aaF,4,1,0,1,1281660707786
Jj,gUnPBegsa514ghtZJZtp1A,RS,4,1,1,0,1500387125729
Jk,4Ln38VKTbX8wxfOvIwHiAw,VS,4,1,0,0,1470177712620
Jl,eMHDd029OvjzUhtFPxr5iw,Pi,5,3,1,1,1470413853446
Jm,9DxDEUN05M611XLzslIb8Q,aal,5,2,0,1,1328056503564
Jn,7xvUccpmp1fXWLAkZaXkDQ,ZH,4,0,0,0,1445539777569
Jo,txaV9pPMH9WMQWxg5taOKQ,NI,4,0,0,0,1432283941442
Jp,AO7thy9_PAXAT3rze_iaXw,aau,5,1,1,0,1424575056195
Jq,DyuLKWDE_WBNFSLr1L1pLA,Sy,4,0,0,1,1465552305458
Jr,6IrjDYZE8J9oF5WfaOugpA,Ul,5,2,0,2,1430382517397
Js,kNxlninqmXRj7Hh0laNpjg,Wz,5,4,1,2,1507125341280
Jt,h7cK6OUOSLbLrc0PQDRtaA,Xo,1,3,0,0,1451184986777
Ju,mNWL9EKq47DaWu46709Nnw,Xf,2,1,0,0,1499084716498
Jv,DvwE1JChcmY-PaI2OcNudQ,Yr,4,2,1,2,1327106512346
Jw,4c0aYZZLTwToiWJEpt6gNg,PJ,3,0,0,0,1446091860756
Jx,5kU-MVqNkrKYBCPDi16uDw,Xu,5,4,0,2,1537903802000
Jy,mAqj8WY-uHncPpCn3ahCiA,WI,3,1,0,1,1340816201107
Jz,CqKkGeeqjf8vlD12AtCo5Q,VG,4,1,0,0,1363314379863
JA,AReHj97KQa0-qzAfvqIFpQ,TU,5,1,1,2,1486464909493
JB,DaUJvHMmKoDDT3vB_ltJ6g,aaq,3,3,1,1,1400690841268
JC,h7cK6OUOSLbLrc0PQDRtaA,abc,5,3,1,0,1480781959091
JD,sCHUT3q4FYHgFQY__PGWEA,RI,4,0,0,0,1443911020325
JE,2ykh0_q0uMLFtypLDVSqlg,Nl,2,4,2,2,1328064392859
JF,CPEb98j3vfbiGKsssd7xbw,Ns,5,4,1,1,1425044166041
JG,C1DkK2Jjxc99PkkhLbMcbA,XL,2,4,1,1,1362356750343
JH,BeS9uhpmc6Icap_Eso9Lqw,aaP,3,2,1,0,1444243713587
JI,wWgFpFvNKDliaQb_TItV2g,LV,4,2,0,1,1352729139127
JJ,LEyRdfEh33INkU_qK3-FAQ,Sf,4,2,2,0,1459933742142
JK,_ABmyWxQzkGMZiFYnJhLAg,Uw,2,3,1,2,1459222233520
JL,LEyRdfEh33INkU_qK3-FAQ,UX,4,3,0,1,1396867269620
JM,0QSRiFDmcQl2UEcJf35z1g,Ns,3,1,1,0,1478940359700
JN,swR3AoNMkE3EyzCmYrOWTQ,abK,2,0,0,0,1534694601498
JO,j3sAb6ISO2uhVISy-xDWDA,adv,4,0,0,0,1362844751383
JP,GJcai4A1ASGe8sS7vT_g5A,aaP,4,3,1,0,1399070834613
JQ,h7cK6OUOSLbLrc0PQDRtaA,Tm,5,1,0,2,1537903802000
JR,vHpjnSljfID9P7fPGUYKEA,aek,5,0,0,0,1537903802000
JS,9OJdZbS-8DiEtzqicUYQ8g,Oa,5,0,0,0,1336796566981
JT,HvgKiuV36e9SzNqeA5zOfA,MT,4,0,0,0,1537903802000
JU,k9lOYp2MonofJSVr3hDUFw,NF,4,2,0,0,1308037748467
JV,k2RPYM69kQRKuVlK97H6JA,aet,3,0,0,0,1515712271456
JW,XKuyVKbfcYG-6WYXB2vUxA,Nr,1,2,1,1,1400497891616
JX,J8p1YxFoMNQnz24Vo5-2NQ,Vc,4,3,1,2,1426872303667
JY,wWgFpFvNKDliaQb_TItV2g,Qf,3,5,1,0,1297571876318
JZ,9p92uoq8ytyP4RLR0DGkHw,Rh,4,0,0,0,1326731204796
Ka,2K_2OjBp3KYM5SwBnnEsPg,XW,4,1,1,1,1416738653397
Kb,656fHiGx2Fixo1A95KeQEg,XL,2,3,1,0,1385154348631
Kc,vLPnQDSSj18al51PJLnofA,VR,3,0,0,0,1537903802000
Kd,qkreXL6AorI19QA3f2wvlQ,Ym,5,1,0,0,1508782880930
Ke,CPEb98j3vfbiGKsssd7xbw,Xc,2,2,0,1,1419021031325
Kf,W7L8uZuTVTSYPVKZUF7SSg,SK,4,1,0,0,1445040802332
Kg,TSoDKCUxxY88tAEX-viIgA,Ug,3,2,0,0,1371000153900
Kh,-loKeff8AHTY4HoQY5WgtQ,SD,4,0,0,0,1472009549121
Ki,uV2zqKVUFrDVqTLz7n79lg,We,4,0,0,0,1450537971480
Kj,ZTQYPj_1wxxLkzF_ztDFBw,Qg,5,1,0,1,1347193914049
Kk,xC-q_yh0XwcjRLimkS3RNg,Uu,3,2,1,1,1362101717736
Kl,aWZRFmKByX9sLLU2isIzOA,adx,5,0,0,0,1461065490124
Km,w_CCeboDuwJ6qNQAR6HfoA,VT,5,0,0,0,1537903802000
Kn,KsTA7_Ps9NucN-VAjy4GOA,Su,2,2,1,1,1442185591354
Ko,uP9GfOlntrALbw-DUmMlLQ,TM,2,2,1,0,1458260435899
Kp,ayj7YitJ4WcSedBDFZP4RA,Ue,3,1,1,0,1493929210476
Kq,6kWk8M9VtZLB19ly5NSA3Q,Mn,4,3,0,2,1429677162297
Kr,Hd94ge8JwvQVo1h-5yyTGw,abH,3,0,0,0,1371357172006
Ks,oGQfwULuc6mQOHHuxsc3rQ,LT,2,1,0,0,1526594750957
Kt,OGFOpKKavgk-wV9D4dVnYA,LT,3,0,0,0,1412542340703
Ku,iR2pcr2ssSBAM446HeT2hA,act,4,1,0,1,1489625582931
Kv,5fXN1mpFctT9ZFPbydRMjQ,NF,3,1,0,0,1359622483338
Kw,DaUJvHMmKoDDT3vB_ltJ6g,abm,5,0,0,0,1432130784756
Kx,POwODjfiu8eqBP9r-5xLSA,QU,1,0,0,0,1427091462318
Ky,gaqPcK4kIN9_N7htRQhTtg,Mq,4,2,0,0,1433009014986
Kz,KhSGkmP9adBwKfoE7V-vvg,ZZ,3,1,0,2,1383794003082
KA,ppYEK9zY7Vlhdf855ehlHA,XO,4,0,0,0,1465541570983
KB,LEyRdfEh33INkU_qK3-FAQ,Zo,3,0,0,0,1537903802000
KC,9EVsfFOCEP-7L37HPzsOSA,St,5,0,0,0,1537903802000
KD,OvHB-kK84Ea7CuUYOp9e2Q,PN,4,0,0,0,1421194426779
KE,TfT1xIsatbfmK-umBdu7oA,Tf,4,0,1,1,1464340248870
KF,YldFAIDkOBw69yi3F4wlFA,Ua,3,1,0,0,1378481863116
KG,2ZQsxKIcT-KSoqMgh2jKtA,Qs,4,2,0,0,1504566791523
KH,A8OMSgdQ8bgsfMs69VKSXw,Ts,4,1,0,0,1537903802000
KI,3Oq19itHvlUwOPlifef9aA,Mg,4,0,0,0,1471797431697
KJ,5TE19zTjTIPq1HANACN7sw,LX,5,1,0,0,1474403553344
KK,9DxDEUN05M611XLzslIb8Q,Tj,4,0,0,0,1374860845050
KL,PatFQG2gRQ545rmmyDhA9Q,acc,4,1,1,1,1391701169408
KM,STO9KprPS0pZVO75VX_bvA,TB,4,0,0,0,1457435277745
KN,oGQfwULuc6mQOHHuxsc3rQ,abs,5,3,0,1,1342045659415
KO,mNWL9EKq47DaWu46709Nnw,Nl,3,2,2,2,1326824964454
KP,PSr90WU06SPRN1XeFD_4pg,Mc,4,0,1,1,1363548435980
KQ,-TbX3AYOIEyo6-b67MT8eA,abG,5,0,0,0,1312078066157
KR,zira3StlLXuENbbnTvNhMg,aaq,4,0,0,0,1419173822777
KS,oGQfwULuc6mQOHHuxsc3rQ,acc,2,1,0,0,1537903802000
KT,aun9ZhHuB2FZQKcsboPGEA,aej,3,2,0,0,1467701038788
KU,nFiYurEbPZBAOCURMrBgag,acz,3,0,0,0,1537903802000
KV,xW2A0MciHB0pLB4RHTi0nw,acz,5,0,0,0,1537903802000
KW,Fb-hiRymu2D-e1xSScTFKA,NN,1,0,0,0,1537903802000
KX,gaqPcK4kIN9_N7htRQhTtg,Yu,5,3,0,0,1401956583677
KY,BycWZFxhqenGiFavZPTmHg,Sf,3,0,1,0,1472699985568
KZ,G3UtIVC0Sl8cbiA0_cPyMg,Vk,3,2,1,1,1409601563945
La,ppYEK9zY7Vlhdf855ehlHA,adK,3,0,0,1,1485350725784
Lb,wDcWtWGawI8Rz2wZRYnGlQ,SE,5,3,1,2,1466340643086
Lc,LEyRdfEh33INkU_qK3-FAQ,YS,4,2,0,0,1533946291885
Ld,QRGtYhDV5gwIpa_erkpXBA,abH,3,0,0,0,1419921229523
Le,Ybk6XhMlJxB8pmgKshmwOQ,Rp,5,0,0,0,1448451640814
Lf,rWbsIcVptPtQPNI5IOv4UQ,ZR,5,1,1,2,1399540395298
Lg,ZkrepPHAkOUIJU5JGb-xBA,abB,5,1,0,1,1362029038780
Lh,gZ6aqAv4E-v2QmbjnOxibA,abP,4,2,0,1,1399318011925
Li,h7cK6OUOSLbLrc0PQDRtaA,Ws,3,2,0,0,1479443530389
Lj,5RWMKWb_AsAaLGrddyB5ww,ZO,5,3,1,1,1420790204608
Lk,ClRdcXiiEuiMy1-l844gCQ,LE,1,4,2,2,1476029982467
Ll,nuEtJcnjhS1LLzinPch8xw,PN,4,2,2,2,1287778600388
Lm,8nJL45yHUCBV1qOOKqMOBQ,UX,5,1,0,0,1447989626705
Ln,VbSGSOZnlBqWgl8uG1kYoA,adQ,2,1,0,1,1361459423468
Lo,qkDPiW_ty4bm95whBG_KYw,TU,2,0,0,0,1495435749250
Lp,ITpldUH1k90kuxJfccW4SA,OE,4,1,0,1,1490682905934
Lq,Pez84U9RVkMcPtsq_H6LTA,adv,4,0,0,0,1350201803423
Lr,czFbjCTfAK_EaRN7ydfk5A,Qb,3,3,1,1,1448925887080
Ls,tbllMvbVFAPO2E7n19nBXA,Nu,3,0,1,0,1425391419677
Lt,ZOFtKT-oeyG_aFNpRlLD-A,XA,4,0,1,1,1481634305676
Lu,cIVmIJD7nIiEcVGamfBoVw,Su,2,0,1,0,1531711698978
Lv,sQ1_Zv7uGZt-Len6ka7EfQ,RY,1,3,1,1,1335337660082
Lw,h7cK6OUOSLbLrc0PQDRtaA,Ye,5,0,0,1,1475624228515
Lx,Et0qEP5K0oTCpAZ0aULmpw,Nf,4,2,1,0,1418750400089
Ly,GDpshOJvnZKS8amtD2LamQ,TX,3,1,0,0,1454481650486
Lz,K60nMbgc9Hs1b4NicDAg3A,RX,5,1,1,0,1454241060124
LA,tcNIu8h6CLa6_gvRcgBjyQ,Nr,2,3,1,0,1390107376568
LB,kPpC0p0vew63Rr9kWpd-bA,Pu,1,0,0,0,1498553960115
LC,K60nMbgc9Hs1b4NicDAg3A,Ph,4,0,0,0,1478597534850
LD,vJ_Vdzvrb5UzGaPAg3dtvA,abD,4,0,0,0,1479465907121
